transaction_id,user_id,amount,merchant,is_fraud
200000,2433,176.41,Grocery,0
200001,1128,89.34,Fuel,1
200002,7864,78.04,Grocery,0
200003,6665,132.62,Fuel,0
200004,7049,546.38,Grocery,0
200005,1219,392.22,Fuel,0
200006,3434,327.58,Electronics,0
200007,6467,459.57,Fuel,0
200008,9950,725.47,Fuel,0
200009,8130,612.81,Fuel,0
200010,4569,93.58,Electronics,0
200011,9130,674.32,Grocery,0
200012,2968,139.37,Fashion,0
200013,7356,31.44,Grocery,0
200014,6941,606.1,Electronics,0
200015,8041,772.37,Fashion,0
200016,6639,184.95,Fashion,0
200017,6606,468.68,Electronics,0
200018,2389,526.23,Fashion,0
200019,2562,630.1,Electronics,1
200020,3563,242.07,Fashion,0
200021,2246,764.26,Fashion,0
200022,6907,643.31,Fashion,0
200023,3042,32.78,Fuel,0
200024,7375,11.93,Electronics,0
200025,6828,61.44,Fuel,0
200026,1888,250.74,Electronics,0
200027,7160,174.91,Fashion,0
200028,3724,293.37,Fashion,0
200029,6159,268.58,Electronics,0
200030,7061,59.84,Electronics,1
200031,5689,653.88,Grocery,0
200032,1275,605.65,Fuel,0
200033,1243,664.16,Fuel,0
200034,2847,161.73,Grocery,0
200035,4175,290.8,Fashion,0
200036,8736,543.66,Electronics,0
200037,3874,775.33,Grocery,0
200038,9653,624.19,Electronics,0
200039,4057,539.95,Electronics,0
200040,1627,57.22,Grocery,0
200041,8376,416.42,Fuel,0
200042,3212,380.78,Electronics,0
200043,8403,348.83,Electronics,0
200044,4234,21.99,Grocery,0
200045,4447,677.28,Electronics,0
200046,1848,312.58,Fashion,0
200047,7661,343.93,Electronics,0
200048,5583,681.91,Electronics,0
200049,9588,305.84,Fashion,0
200050,6786,760.52,Fashion,0
200051,9617,685.59,Grocery,0
200052,9689,541.6,Electronics,0
200053,1955,614.67,Electronics,0
200054,8038,302.55,Electronics,0
200055,7414,409.51,Fashion,0
200056,4341,506.06,Electronics,0
200057,3968,657.81,Fashion,0
200058,9717,571.77,Grocery,0
200059,9462,572.53,Fuel,0
200060,6458,636.14,Electronics,0
200061,3830,652.49,Electronics,0
200062,7253,737.48,Grocery,0
200063,1326,569.28,Electronics,0
200064,4150,315.61,Grocery,0
200065,7993,750.91,Fuel,0
200066,3816,513.22,Fashion,0
200067,5037,287.1,Fashion,0
200068,6090,672.18,Grocery,0
200069,2168,363.1,Grocery,0
200070,3172,649.54,Fashion,0
200071,4723,490.9,Electronics,0
200072,9575,618.34,Fashion,0
200073,4585,443.8,Grocery,0
200074,7725,419.82,Fashion,0
200075,6852,298.18,Grocery,0
200076,8787,463.96,Fuel,0
200077,7672,30.19,Grocery,0
200078,4677,750.3,Fuel,0
200079,7147,258.59,Fashion,0
200080,9698,75.84,Electronics,0
200081,8844,174.48,Fashion,0
200082,2202,69.27,Fuel,0
200083,9590,26.61,Electronics,0
200084,5550,557.15,Electronics,0
200085,3992,453.65,Fuel,0
200086,7627,712.28,Electronics,0
200087,2327,359.01,Fashion,0
200088,1367,417.74,Grocery,0
200089,2886,42.82,Grocery,1
200090,3506,454.79,Fuel,0
200091,7113,682.49,Fashion,0
200092,7340,614.78,Electronics,0
200093,6500,269.51,Grocery,0
200094,1229,755.05,Grocery,0
200095,7022,152.53,Fuel,0
200096,4006,771.21,Electronics,0
200097,8150,284.52,Electronics,0
200098,5807,311.8,Fuel,1
200099,1835,385.12,Fashion,0
200100,3931,137.53,Fashion,0
200101,9622,412.06,Fuel,0
200102,8599,275.98,Electronics,0
200103,1001,23.17,Grocery,0
200104,9725,111.73,Electronics,0
200105,3318,67.77,Electronics,0
200106,1855,235.86,Electronics,0
200107,3024,195.92,Fashion,0
200108,5054,127.77,Grocery,0
200109,2928,25.15,Fuel,0
200110,1051,616.81,Electronics,0
200111,3597,568.85,Fuel,0
200112,6410,563.08,Fuel,0
200113,6595,156.48,Electronics,0
200114,1736,420.51,Fashion,0
200115,5715,620.26,Fashion,0
200116,7319,633.3,Electronics,0
200117,4199,303.65,Fashion,0
200118,1545,140.47,Fashion,0
200119,3078,152.86,Fashion,0
200120,4164,411.56,Electronics,0
200121,9840,283.34,Fuel,0
200122,2788,210.27,Grocery,0
200123,6325,750.16,Fuel,1
200124,6924,105.33,Electronics,0
200125,3815,383.21,Fashion,0
200126,7690,25.17,Grocery,0
200127,5050,286.36,Fuel,0
200128,3967,172.19,Fashion,0
200129,1110,306.31,Electronics,0
200130,5762,338.03,Grocery,0
200131,4729,730.95,Fashion,0
200132,3101,390.94,Electronics,0
200133,1495,713.87,Fashion,0
200134,6910,345.5,Electronics,0
200135,7911,768.65,Grocery,1
200136,3925,726.64,Grocery,0
200137,9752,88.42,Fuel,0
200138,9308,495.73,Electronics,0
200139,8310,40.78,Fashion,0
200140,6809,523.59,Electronics,0
200141,4585,172.62,Electronics,0
200142,3074,93.91,Grocery,0
200143,4095,322.53,Fuel,0
200144,4013,457.42,Fashion,0
200145,3101,26.71,Electronics,0
200146,6592,250.73,Electronics,0
200147,7713,205.69,Electronics,0
200148,1029,80.44,Fuel,0
200149,4235,502.12,Fashion,0
200150,7233,624.33,Fuel,0
200151,7904,733.34,Electronics,0
200152,3047,790.72,Electronics,0
200153,2997,497.13,Fashion,0
200154,8772,670.56,Grocery,0
200155,8940,446.62,Electronics,0
200156,4109,274.19,Electronics,0
200157,7306,13.14,Grocery,0
200158,6802,652.13,Electronics,0
200159,2155,537.95,Fuel,1
200160,3333,260.62,Electronics,0
200161,8990,219.73,Fashion,1
200162,2605,289.64,Electronics,0
200163,8309,290.19,Fuel,0
200164,9513,66.42,Fashion,0
200165,2171,667.97,Electronics,0
200166,8880,779.08,Grocery,0
200167,6503,377.77,Electronics,1
200168,9403,104.45,Fuel,0
200169,3510,136.65,Electronics,0
200170,4927,72.75,Electronics,0
200171,9792,425.58,Electronics,0
200172,1742,167.68,Fashion,0
200173,8416,169.9,Fuel,0
200174,6328,522.13,Electronics,0
200175,4901,201.09,Grocery,0
200176,7196,203.9,Fuel,0
200177,6628,164.93,Fashion,0
200178,1453,642.5,Grocery,0
200179,5710,119.47,Fuel,0
200180,3358,676.87,Fuel,0
200181,1073,638.29,Electronics,0
200182,4480,421.93,Fashion,0
200183,5210,448.97,Fuel,0
200184,9221,677.59,Fuel,0
200185,1712,577.39,Fashion,0
200186,2463,345.21,Fashion,0
200187,8709,625.61,Grocery,0
200188,5981,14.59,Grocery,0
200189,7613,45.95,Grocery,0
200190,8077,35.55,Fuel,0
200191,9542,132.14,Fashion,0
200192,6967,638.34,Fashion,0
200193,1059,726.25,Fuel,0
200194,9735,776.04,Fashion,0
200195,1187,149.67,Electronics,0
200196,9309,619.02,Fuel,0
200197,1845,163.67,Fashion,0
200198,4726,334.25,Electronics,0
200199,1892,582.75,Fuel,0
200200,5207,776.13,Fuel,0
200201,9990,549.79,Electronics,0
200202,8015,386.61,Grocery,0
200203,7169,683.26,Grocery,0
200204,6592,102.44,Grocery,0
200205,2899,711.0,Electronics,0
200206,7340,676.39,Fuel,0
200207,8706,417.74,Fuel,0
200208,1756,89.12,Grocery,0
200209,3938,443.68,Grocery,0
200210,5483,666.29,Fuel,0
200211,6432,326.22,Grocery,0
200212,7794,145.73,Grocery,0
200213,2896,531.79,Fashion,0
200214,9612,384.92,Grocery,0
200215,4529,788.74,Fashion,0
200216,6423,556.25,Fuel,0
200217,3258,218.0,Electronics,0
200218,6874,407.6,Electronics,0
200219,9249,121.16,Grocery,0
200220,6777,390.24,Fuel,0
200221,2722,430.24,Grocery,0
200222,8791,372.89,Fashion,0
200223,1066,115.88,Grocery,0
200224,2188,158.27,Fashion,0
200225,1022,496.46,Grocery,0
200226,5895,652.37,Electronics,0
200227,9475,405.52,Fashion,0
200228,4196,554.19,Grocery,0
200229,4111,794.2,Fashion,0
200230,7582,179.04,Electronics,0
200231,9627,332.73,Fashion,0
200232,1274,592.29,Grocery,0
200233,3037,337.12,Electronics,0
200234,9265,307.43,Grocery,0
200235,6094,142.68,Electronics,0
200236,7901,345.68,Fuel,0
200237,5360,281.28,Electronics,0
200238,7859,214.91,Fuel,0
200239,2667,697.44,Grocery,0
200240,5121,749.34,Fashion,0
200241,8512,707.31,Fashion,0
200242,3548,450.22,Fuel,0
200243,9330,593.97,Fashion,0
200244,1878,509.7,Fashion,0
200245,7476,81.21,Electronics,0
200246,1086,709.44,Grocery,1
200247,8988,760.66,Fashion,0
200248,4149,414.74,Fuel,0
200249,9700,400.5,Electronics,0
200250,4516,194.65,Fuel,0
200251,4602,600.48,Electronics,0
200252,4078,300.23,Electronics,0
200253,6399,589.24,Fashion,0
200254,5291,296.99,Grocery,0
200255,7983,407.99,Electronics,0
200256,8712,768.49,Fashion,0
200257,5299,744.4,Fashion,0
200258,3060,68.29,Grocery,0
200259,3460,186.42,Grocery,0
200260,5065,329.01,Grocery,0
200261,2137,207.72,Fashion,0
200262,2009,194.23,Fashion,0
200263,7688,374.68,Grocery,0
200264,5578,123.67,Grocery,0
200265,9797,708.29,Grocery,0
200266,3380,563.52,Grocery,0
200267,3938,416.86,Fuel,0
200268,2200,630.42,Fuel,0
200269,2622,654.63,Electronics,0
200270,4961,475.74,Electronics,0
200271,3556,347.29,Grocery,0
200272,5370,618.35,Fashion,0
200273,3151,745.57,Fuel,0
200274,2571,64.89,Grocery,0
200275,9033,140.56,Fashion,0
200276,9561,88.59,Fashion,0
200277,4005,666.79,Grocery,0
200278,5732,153.93,Fuel,0
200279,7604,264.69,Fuel,0
200280,2698,122.71,Grocery,0
200281,6922,95.64,Electronics,0
200282,1800,680.87,Fashion,0
200283,8070,219.08,Fashion,0
200284,8917,502.82,Fashion,0
200285,5902,297.02,Fashion,0
200286,3315,685.58,Fashion,0
200287,9932,249.64,Electronics,0
200288,2840,131.16,Electronics,0
200289,2535,696.09,Grocery,0
200290,1106,334.74,Electronics,0
200291,6493,208.08,Grocery,0
200292,2522,361.7,Fashion,0
200293,1196,698.46,Fashion,0
200294,1669,757.88,Fashion,0
200295,2668,286.58,Electronics,0
200296,6391,273.55,Electronics,0
200297,3089,505.05,Fashion,0
200298,7406,382.93,Grocery,0
200299,9759,291.04,Fashion,0
200300,7192,221.72,Fuel,0
200301,9650,781.79,Grocery,0
200302,9958,81.15,Electronics,0
200303,4746,420.21,Fuel,0
200304,3830,768.07,Grocery,0
200305,4663,603.39,Fashion,0
200306,7678,690.49,Grocery,0
200307,1290,636.19,Fashion,0
200308,8571,313.77,Grocery,0
200309,8589,291.62,Grocery,0
200310,9739,204.82,Fuel,0
200311,9876,135.93,Electronics,0
200312,2386,433.08,Grocery,0
200313,3405,689.02,Fashion,0
200314,1059,194.44,Grocery,1
200315,8097,287.12,Fuel,0
200316,1089,286.7,Electronics,0
200317,8309,598.26,Electronics,0
200318,9859,88.41,Fashion,0
200319,4911,5.33,Fashion,0
200320,5456,54.98,Fashion,0
200321,7803,118.25,Fashion,0
200322,3403,259.65,Grocery,0
200323,1261,62.79,Grocery,0
200324,4247,524.97,Fashion,0
200325,2494,502.61,Fashion,0
200326,3666,43.13,Electronics,0
200327,5663,526.98,Fuel,0
200328,8587,507.6,Fashion,0
200329,7928,107.04,Fuel,0
200330,2362,175.79,Fuel,0
200331,2574,167.19,Grocery,0
200332,4566,542.3,Grocery,0
200333,5399,534.01,Fashion,0
200334,6609,541.5,Grocery,0
200335,2408,608.75,Grocery,0
200336,3114,790.91,Grocery,0
200337,9021,318.67,Grocery,0
200338,8742,313.05,Electronics,0
200339,1438,335.02,Electronics,0
200340,4671,524.54,Grocery,0
200341,9365,580.53,Fashion,0
200342,1966,667.31,Fashion,0
200343,6783,378.93,Electronics,0
200344,8147,460.95,Electronics,0
200345,9149,479.39,Electronics,0
200346,4988,175.25,Fuel,0
200347,9994,580.49,Grocery,0
200348,3565,710.66,Fashion,0
200349,9226,165.37,Fuel,0
200350,5093,453.66,Electronics,0
200351,7628,796.87,Fuel,0
200352,6897,134.24,Fashion,0
200353,2787,536.46,Grocery,0
200354,7426,166.27,Grocery,0
200355,6441,780.09,Electronics,0
200356,9608,654.41,Electronics,0
200357,5864,416.13,Fashion,0
200358,3437,586.92,Grocery,0
200359,2622,46.56,Fashion,0
200360,8322,495.82,Electronics,0
200361,3707,263.65,Grocery,0
200362,7017,142.4,Fashion,0
200363,5477,749.92,Fashion,0
200364,2886,371.23,Fashion,0
200365,8249,254.66,Electronics,0
200366,2172,156.79,Fuel,0
200367,3918,361.69,Electronics,0
200368,7520,103.51,Fuel,0
200369,9527,580.02,Fuel,0
200370,8471,103.5,Fashion,0
200371,1525,780.9,Grocery,0
200372,7160,519.7,Grocery,0
200373,9458,739.33,Electronics,0
200374,2493,680.76,Fashion,0
200375,7584,14.13,Electronics,0
200376,4098,359.91,Grocery,0
200377,7998,397.58,Fashion,0
200378,1425,766.45,Fuel,0
200379,6958,519.11,Electronics,0
200380,6386,795.88,Fuel,0
200381,1310,779.66,Grocery,0
200382,6474,410.89,Electronics,0
200383,5678,684.47,Fashion,0
200384,9699,441.78,Electronics,0
200385,4911,741.75,Fuel,0
200386,2464,565.04,Grocery,0
200387,8978,698.55,Grocery,0
200388,6279,88.94,Electronics,0
200389,4694,447.94,Fuel,0
200390,8866,657.87,Fuel,0
200391,8596,680.61,Fashion,0
200392,8121,597.68,Electronics,0
200393,4737,570.63,Fashion,0
200394,3135,255.96,Fuel,0
200395,2409,322.57,Fuel,0
200396,6120,440.95,Grocery,0
200397,9736,417.66,Fashion,0
200398,7488,303.74,Fashion,0
200399,4103,735.52,Grocery,0
200400,9906,208.41,Fashion,0
200401,2830,446.86,Fashion,0
200402,3458,615.19,Fuel,0
200403,8214,658.73,Electronics,0
200404,6089,489.69,Fashion,1
200405,1304,481.6,Fashion,0
200406,3557,190.22,Electronics,0
200407,7585,76.95,Fashion,0
200408,2150,42.78,Electronics,0
200409,3877,633.39,Electronics,0
200410,6403,206.72,Grocery,0
200411,8503,707.5,Grocery,1
200412,7285,798.16,Fashion,0
200413,7647,512.61,Fuel,0
200414,1928,498.11,Fuel,0
200415,5331,263.77,Electronics,0
200416,4456,585.77,Electronics,0
200417,7810,786.74,Electronics,0
200418,2240,286.31,Fashion,0
200419,5032,340.38,Grocery,0
200420,9807,582.47,Grocery,0
200421,4427,463.97,Grocery,0
200422,3570,60.12,Grocery,0
200423,6701,552.18,Fuel,0
200424,6839,220.96,Electronics,0
200425,1544,303.02,Electronics,0
200426,7802,352.89,Grocery,0
200427,8106,710.9,Electronics,0
200428,6522,681.77,Fashion,0
200429,7104,309.59,Fashion,0
200430,1093,640.76,Fuel,0
200431,9300,37.49,Grocery,0
200432,9898,645.45,Electronics,0
200433,9525,203.64,Fuel,0
200434,5920,437.38,Fashion,0
200435,1282,366.43,Grocery,0
200436,9973,433.88,Electronics,1
200437,5017,346.51,Fuel,0
200438,3713,112.76,Grocery,0
200439,1746,795.33,Grocery,0
200440,6330,313.0,Fashion,0
200441,3132,229.68,Fuel,0
200442,1080,26.53,Fashion,0
200443,6029,84.83,Electronics,0
200444,2161,104.48,Electronics,0
200445,1904,484.62,Fashion,0
200446,5998,53.79,Electronics,0
200447,7297,465.94,Fashion,0
200448,8875,648.63,Electronics,0
200449,1719,595.3,Fuel,0
200450,8758,304.52,Grocery,0
200451,4909,122.77,Fuel,0
200452,2232,383.85,Fashion,0
200453,7079,416.24,Fuel,0
200454,1154,243.91,Fashion,0
200455,2956,417.59,Grocery,0
200456,5961,212.65,Fashion,0
200457,2933,250.29,Fashion,0
200458,7428,567.69,Fuel,0
200459,3738,37.59,Fuel,0
200460,7160,220.16,Fuel,0
200461,8645,479.26,Fuel,0
200462,4435,444.13,Electronics,0
200463,6825,104.43,Fashion,0
200464,7279,309.97,Fashion,1
200465,9378,49.19,Fuel,0
200466,2156,373.29,Electronics,0
200467,4020,774.26,Electronics,0
200468,5982,237.46,Fuel,0
200469,9782,230.48,Electronics,0
200470,8920,14.54,Grocery,0
200471,8596,298.54,Fuel,0
200472,4586,150.74,Fuel,0
200473,1286,723.73,Grocery,0
200474,5295,153.41,Grocery,0
200475,7444,320.83,Fashion,0
200476,9175,58.53,Fuel,0
200477,2320,516.32,Fuel,0
200478,6519,392.09,Electronics,0
200479,4030,415.95,Electronics,0
200480,9806,294.55,Fashion,0
200481,9279,106.31,Electronics,0
200482,6518,61.88,Grocery,0
200483,5187,272.62,Fashion,0
200484,7991,353.04,Electronics,0
200485,9357,222.89,Electronics,0
200486,2432,198.63,Fuel,0
200487,3543,375.44,Electronics,0
200488,2815,537.75,Electronics,0
200489,1638,595.69,Fashion,0
200490,8924,250.38,Fashion,0
200491,7230,311.34,Grocery,0
200492,6723,367.83,Fuel,0
200493,7322,19.66,Grocery,0
200494,3646,363.5,Fashion,0
200495,7228,226.64,Electronics,0
200496,1783,491.13,Fashion,1
200497,6976,774.73,Fashion,0
200498,8556,775.08,Fuel,0
200499,7892,515.81,Electronics,0
200500,6415,609.06,Fashion,0
200501,4365,458.75,Grocery,0
200502,8416,493.51,Fashion,0
200503,9471,776.07,Grocery,0
200504,5858,490.34,Grocery,0
200505,9943,407.92,Grocery,0
200506,2163,254.93,Grocery,0
200507,3002,127.97,Grocery,0
200508,1360,643.23,Grocery,0
200509,1656,425.34,Fuel,0
200510,1122,335.09,Fuel,0
200511,4149,346.9,Electronics,0
200512,5880,779.96,Electronics,0
200513,6478,741.87,Grocery,0
200514,2170,499.37,Electronics,0
200515,7359,151.49,Fuel,0
200516,8833,314.3,Electronics,0
200517,6757,386.76,Grocery,0
200518,9670,672.4,Electronics,0
200519,7014,73.6,Fuel,0
200520,9970,348.75,Grocery,0
200521,3032,775.08,Fuel,0
200522,7740,679.08,Fuel,0
200523,5756,341.34,Fuel,0
200524,9597,750.78,Fuel,0
200525,1146,288.16,Fashion,0
200526,3600,541.56,Grocery,0
200527,6584,314.35,Fashion,0
200528,4222,426.46,Fuel,0
200529,1582,601.54,Grocery,0
200530,5194,63.72,Grocery,0
200531,1620,793.06,Electronics,0
200532,8056,413.33,Fuel,0
200533,6959,59.63,Grocery,0
200534,2578,703.43,Grocery,0
200535,2320,291.59,Fashion,0
200536,1530,165.03,Fashion,0
200537,2016,336.7,Grocery,0
200538,8055,650.58,Grocery,1
200539,4106,426.44,Fashion,0
200540,3561,94.89,Electronics,0
200541,4874,153.06,Electronics,0
200542,8799,399.04,Fuel,0
200543,8837,196.62,Grocery,0
200544,8784,43.37,Fashion,0
200545,7974,573.5,Grocery,0
200546,8437,721.0,Electronics,0
200547,5072,721.72,Grocery,0
200548,3806,565.19,Fashion,0
200549,2242,699.35,Grocery,0
200550,2376,260.37,Fashion,0
200551,9772,331.51,Grocery,1
200552,3496,295.96,Fuel,0
200553,3698,658.15,Fuel,0
200554,5847,739.5,Grocery,0
200555,3327,506.35,Grocery,0
200556,5347,659.52,Fashion,0
200557,9929,509.08,Electronics,0
200558,7280,520.37,Electronics,0
200559,1627,717.74,Electronics,0
200560,8042,38.04,Fashion,0
200561,8394,129.82,Fuel,0
200562,5449,215.64,Fashion,0
200563,5801,169.27,Fashion,0
200564,5520,377.58,Electronics,0
200565,6785,93.99,Fashion,0
200566,7469,20.43,Fuel,0
200567,4653,669.04,Fuel,0
200568,4859,768.19,Fuel,0
200569,2189,637.96,Fuel,0
200570,1298,346.29,Fashion,0
200571,4794,662.64,Electronics,0
200572,3323,752.97,Electronics,0
200573,6807,592.16,Electronics,0
200574,5447,482.11,Fashion,0
200575,6876,149.99,Grocery,0
200576,4137,225.24,Electronics,0
200577,8595,498.87,Electronics,0
200578,1253,97.26,Fashion,0
200579,7604,758.9,Fuel,0
200580,2831,439.08,Fashion,0
200581,6182,724.36,Fashion,0
200582,4506,7.71,Fashion,0
200583,7713,474.02,Fashion,0
200584,2866,497.73,Electronics,0
200585,6136,483.61,Fuel,0
200586,2687,42.34,Grocery,0
200587,2707,381.91,Electronics,0
200588,8557,486.65,Fuel,0
200589,4238,177.86,Grocery,0
200590,3255,93.99,Fuel,0
200591,4808,249.69,Fuel,0
200592,5269,723.59,Grocery,0
200593,4970,175.58,Electronics,0
200594,5528,476.19,Grocery,0
200595,2512,76.39,Electronics,0
200596,7172,197.72,Electronics,0
200597,3005,551.22,Fashion,0
200598,6340,375.64,Fashion,0
200599,5347,325.52,Electronics,0
200600,8364,117.63,Electronics,0
200601,2643,105.98,Grocery,0
200602,6022,479.01,Fuel,0
200603,1855,410.48,Grocery,0
200604,2021,261.95,Grocery,0
200605,8416,246.5,Fashion,0
200606,9078,109.73,Electronics,0
200607,2698,353.29,Fashion,0
200608,2137,673.77,Grocery,0
200609,8737,157.39,Fuel,0
200610,3923,97.16,Electronics,0
200611,7339,429.79,Fashion,0
200612,2035,246.98,Fashion,0
200613,6211,104.48,Electronics,0
200614,3049,123.73,Electronics,0
200615,6763,179.95,Grocery,0
200616,5739,102.55,Fashion,0
200617,6384,679.98,Fashion,0
200618,6196,529.73,Fashion,0
200619,6919,650.15,Electronics,0
200620,8340,796.17,Electronics,0
200621,7140,576.47,Grocery,0
200622,2040,575.47,Fuel,0
200623,6334,726.15,Grocery,0
200624,8200,715.45,Fuel,0
200625,3814,243.06,Fuel,0
200626,8285,554.65,Fashion,0
200627,6521,287.9,Grocery,0
200628,8291,399.98,Fashion,0
200629,9436,242.14,Fuel,0
200630,9970,9.84,Fuel,0
200631,3610,439.56,Fuel,0
200632,8176,403.08,Fashion,0
200633,9670,796.28,Fuel,0
200634,3492,460.01,Fashion,0
200635,3127,135.29,Electronics,0
200636,2120,501.82,Electronics,0
200637,1896,12.7,Fashion,0
200638,1555,256.69,Fuel,0
200639,9590,698.53,Fashion,0
200640,7611,486.14,Fuel,0
200641,2766,34.01,Grocery,0
200642,5504,391.66,Electronics,0
200643,8584,137.88,Grocery,0
200644,8149,167.2,Grocery,0
200645,2268,77.01,Electronics,0
200646,8455,354.41,Fashion,0
200647,8287,240.18,Fuel,0
200648,4353,564.0,Electronics,0
200649,3480,85.89,Grocery,0
200650,9729,783.52,Fashion,0
200651,6597,32.07,Fuel,0
200652,2240,82.87,Electronics,0
200653,6994,433.83,Electronics,0
200654,9277,577.01,Fuel,0
200655,7458,172.95,Fashion,0
200656,1365,556.21,Fashion,0
200657,9740,321.62,Fashion,0
200658,7004,30.16,Electronics,0
200659,2845,485.75,Fashion,0
200660,2114,283.81,Electronics,0
200661,4839,94.63,Fuel,0
200662,8456,546.23,Electronics,0
200663,4243,684.6,Electronics,0
200664,8620,442.76,Fashion,0
200665,3002,462.8,Fashion,0
200666,4896,361.34,Fashion,0
200667,6069,644.62,Grocery,0
200668,1971,647.77,Grocery,0
200669,1547,204.1,Fashion,0
200670,6820,172.2,Grocery,0
200671,1681,74.89,Electronics,0
200672,7781,268.96,Electronics,0
200673,6295,130.53,Grocery,0
200674,9327,631.04,Fuel,0
200675,4219,409.54,Electronics,0
200676,1321,772.99,Electronics,0
200677,4756,554.16,Electronics,0
200678,1132,253.35,Fuel,0
200679,1190,747.73,Fuel,0
200680,3907,253.43,Fashion,0
200681,6952,9.28,Fashion,0
200682,7716,289.41,Electronics,0
200683,5029,164.75,Electronics,0
200684,3477,17.44,Electronics,0
200685,5708,500.26,Grocery,0
200686,9964,35.39,Fashion,0
200687,4036,541.24,Fuel,0
200688,4188,367.8,Grocery,0
200689,2736,541.46,Grocery,0
200690,9232,326.15,Fashion,0
200691,4326,96.3,Fuel,0
200692,9709,120.9,Fashion,0
200693,8732,584.56,Fuel,0
200694,8456,8.0,Grocery,0
200695,5719,504.3,Grocery,0
200696,9462,753.57,Electronics,0
200697,9612,260.42,Fashion,0
200698,6296,618.66,Fashion,0
200699,8708,420.69,Fashion,0
200700,6620,410.89,Grocery,0
200701,6963,43.67,Grocery,0
200702,4508,780.7,Electronics,0
200703,1456,676.23,Fuel,0
200704,6497,21.23,Fashion,0
200705,1821,88.6,Grocery,0
200706,3656,363.11,Electronics,0
200707,1964,389.35,Grocery,0
200708,5490,256.46,Grocery,0
200709,5210,369.25,Grocery,0
200710,1907,719.93,Fuel,0
200711,5828,710.2,Electronics,0
200712,1777,518.22,Electronics,0
200713,8249,66.73,Grocery,0
200714,2757,742.86,Fashion,0
200715,2735,171.85,Fuel,0
200716,6299,593.8,Grocery,0
200717,7725,124.56,Fuel,0
200718,1037,79.58,Fuel,0
200719,7807,629.91,Electronics,0
200720,5416,697.92,Fashion,0
200721,4909,690.38,Fashion,0
200722,3131,118.78,Fuel,0
200723,8503,765.85,Fuel,0
200724,8937,181.8,Fuel,0
200725,9213,202.22,Electronics,0
200726,9240,760.24,Electronics,0
200727,8615,229.56,Grocery,0
200728,3553,298.87,Electronics,0
200729,5097,81.09,Fuel,0
200730,6947,403.36,Fuel,0
200731,6505,76.19,Electronics,0
200732,5218,143.7,Fuel,0
200733,7482,781.03,Electronics,0
200734,6025,413.02,Fashion,0
200735,1214,213.53,Electronics,0
200736,5447,202.41,Electronics,0
200737,8802,295.39,Grocery,0
200738,2779,176.29,Electronics,1
200739,1097,754.81,Fashion,0
200740,4648,740.43,Grocery,0
200741,1074,41.55,Electronics,0
200742,2793,502.68,Electronics,0
200743,1152,711.74,Electronics,0
200744,9048,221.95,Grocery,0
200745,6779,161.55,Grocery,0
200746,5650,381.01,Fuel,0
200747,3215,639.0,Fuel,0
200748,4423,489.66,Grocery,0
200749,3335,226.62,Fashion,0
200750,5072,550.45,Electronics,0
200751,6527,512.73,Grocery,0
200752,5373,519.43,Fashion,0
200753,2941,56.35,Fuel,0
200754,6313,59.9,Electronics,0
200755,9425,438.92,Electronics,0
200756,4225,634.23,Fashion,0
200757,4568,235.73,Electronics,0
200758,9701,42.86,Fuel,0
200759,8006,177.78,Grocery,0
200760,5311,280.32,Fuel,0
200761,1558,477.36,Fuel,0
200762,2360,341.34,Fashion,0
200763,6482,746.45,Fashion,0
200764,5205,397.21,Fashion,0
200765,3158,36.13,Fashion,0
200766,5661,55.88,Grocery,1
200767,1590,143.02,Grocery,0
200768,6983,149.94,Electronics,0
200769,5058,540.78,Electronics,0
200770,4689,728.77,Fuel,1
200771,2236,132.17,Electronics,0
200772,5067,396.54,Grocery,0
200773,8123,346.18,Electronics,0
200774,4769,92.06,Fuel,0
200775,7935,130.92,Fashion,0
200776,4170,137.23,Electronics,0
200777,6191,160.59,Fashion,0
200778,3582,74.32,Electronics,0
200779,4273,172.48,Fuel,0
200780,4300,8.38,Electronics,0
200781,7785,44.77,Grocery,0
200782,8835,298.03,Fuel,0
200783,2506,157.26,Fuel,0
200784,4051,459.39,Fuel,0
200785,9535,397.21,Fashion,0
200786,7807,750.5,Electronics,0
200787,9960,367.52,Electronics,0
200788,2516,159.94,Grocery,0
200789,8753,368.41,Grocery,0
200790,9028,350.63,Electronics,0
200791,8338,194.04,Electronics,0
200792,8491,453.89,Fuel,0
200793,3207,302.0,Grocery,0
200794,7157,6.54,Fuel,0
200795,3167,119.34,Grocery,0
200796,4870,299.26,Electronics,0
200797,8764,785.97,Fuel,0
200798,7087,164.43,Fuel,0
200799,8237,350.49,Fuel,0
200800,9670,325.9,Fashion,0
200801,7767,122.95,Fashion,0
200802,4621,476.5,Grocery,0
200803,6346,555.1,Fashion,0
200804,9122,174.96,Electronics,0
200805,9009,618.88,Fashion,0
200806,4732,250.95,Fuel,0
200807,8339,40.38,Fuel,0
200808,4317,752.84,Grocery,0
200809,8363,249.36,Electronics,0
200810,5072,346.99,Fashion,0
200811,7174,635.13,Fuel,0
200812,9368,756.94,Fuel,0
200813,9572,103.23,Fuel,0
200814,6402,597.44,Fuel,0
200815,6687,95.29,Fashion,0
200816,1022,580.34,Fuel,1
200817,3323,179.97,Fuel,0
200818,6893,328.73,Fashion,0
200819,4482,286.25,Electronics,0
200820,2098,513.38,Electronics,0
200821,7033,729.66,Fashion,0
200822,6547,588.3,Electronics,0
200823,3201,620.28,Grocery,0
200824,8609,35.88,Fuel,0
200825,9694,390.4,Electronics,0
200826,1791,385.82,Grocery,0
200827,2468,145.4,Fuel,0
200828,7015,168.28,Grocery,0
200829,3636,33.06,Fashion,0
200830,2249,667.47,Electronics,0
200831,6878,205.64,Grocery,0
200832,8406,299.38,Fashion,0
200833,1199,383.62,Grocery,0
200834,6876,218.72,Fashion,0
200835,7117,199.75,Electronics,0
200836,8656,503.06,Electronics,0
200837,7769,58.37,Electronics,0
200838,3517,524.16,Fuel,0
200839,7874,286.3,Electronics,0
200840,4498,54.2,Fashion,0
200841,9216,83.57,Fashion,0
200842,7291,690.21,Fashion,0
200843,7927,153.22,Electronics,0
200844,3731,218.16,Electronics,0
200845,1318,98.28,Grocery,0
200846,1333,298.22,Fashion,0
200847,2809,793.4,Fashion,0
200848,7238,635.52,Fashion,0
200849,7238,655.85,Fashion,0
200850,6798,310.64,Fuel,0
200851,3439,435.17,Electronics,0
200852,1202,508.96,Fashion,0
200853,9793,285.25,Grocery,0
200854,7900,662.81,Grocery,0
200855,4930,302.07,Grocery,0
200856,2338,94.39,Fuel,0
200857,6131,526.82,Electronics,0
200858,8763,464.33,Electronics,0
200859,8655,496.07,Grocery,0
200860,1335,624.88,Fuel,0
200861,9984,387.71,Fuel,0
200862,3424,740.51,Fuel,0
200863,4490,168.75,Fashion,0
200864,9417,761.63,Electronics,0
200865,2886,618.13,Grocery,0
200866,4372,682.41,Fuel,0
200867,1680,89.11,Electronics,0
200868,7146,735.39,Grocery,0
200869,1461,730.87,Electronics,0
200870,3948,735.8,Grocery,0
200871,4104,223.91,Grocery,0
200872,4084,224.93,Electronics,0
200873,2602,402.29,Fuel,0
200874,7231,568.45,Electronics,0
200875,3553,771.3,Fashion,0
200876,9942,697.75,Grocery,0
200877,4031,26.12,Electronics,0
200878,6758,694.39,Fuel,0
200879,6179,492.31,Electronics,0
200880,7984,535.39,Electronics,0
200881,4959,38.72,Fuel,0
200882,9823,613.31,Grocery,0
200883,8146,574.12,Fuel,0
200884,5649,551.35,Grocery,0
200885,8917,270.76,Fashion,0
200886,9164,609.95,Fuel,0
200887,4496,210.5,Grocery,0
200888,8972,588.5,Fuel,0
200889,4739,389.57,Fashion,0
200890,5596,228.38,Grocery,0
200891,5919,28.46,Electronics,0
200892,7999,579.49,Electronics,0
200893,5897,38.48,Fashion,0
200894,2851,704.36,Grocery,0
200895,7028,485.47,Electronics,0
200896,1930,190.38,Grocery,0
200897,6440,13.45,Fashion,0
200898,3155,119.87,Electronics,0
200899,1497,610.03,Electronics,0
200900,8810,189.04,Fashion,0
200901,4548,610.02,Fuel,0
200902,9696,34.1,Electronics,0
200903,8830,437.19,Grocery,0
200904,3256,380.41,Grocery,0
200905,5832,678.79,Fashion,0
200906,3914,100.67,Fuel,0
200907,9377,365.14,Grocery,0
200908,1648,162.69,Grocery,0
200909,1779,425.88,Electronics,0
200910,5402,355.49,Grocery,0
200911,3125,634.8,Electronics,0
200912,4247,354.05,Grocery,0
200913,5232,161.44,Grocery,0
200914,3082,558.06,Grocery,0
200915,9794,70.33,Electronics,0
200916,6315,587.47,Fashion,0
200917,9240,52.51,Grocery,1
200918,5419,325.16,Fuel,0
200919,6401,155.06,Fashion,0
200920,9046,205.83,Grocery,0
200921,1933,351.58,Grocery,0
200922,7310,32.09,Fashion,0
200923,6987,48.36,Grocery,0
200924,8527,175.13,Grocery,0
200925,4707,568.52,Grocery,0
200926,7504,516.15,Fashion,0
200927,7477,565.93,Fashion,0
200928,5602,322.29,Fuel,0
200929,9118,320.56,Electronics,0
200930,5831,612.88,Fuel,0
200931,4464,657.34,Grocery,0
200932,4978,693.39,Fashion,0
200933,3712,789.3,Fashion,0
200934,6433,49.15,Grocery,0
200935,9713,544.69,Fuel,0
200936,1521,82.17,Fuel,0
200937,7180,35.1,Fuel,1
200938,3983,419.11,Grocery,0
200939,3965,518.37,Electronics,0
200940,3066,89.66,Fashion,0
200941,2087,262.49,Fuel,0
200942,6420,369.34,Fuel,0
200943,7128,234.68,Fuel,0
200944,9362,547.86,Electronics,0
200945,5426,11.83,Fuel,0
200946,1986,434.66,Electronics,0
200947,9097,146.57,Fuel,0
200948,3074,103.22,Fashion,0
200949,3479,354.14,Fashion,0
200950,5283,773.93,Electronics,0
200951,9303,382.64,Grocery,0
200952,4240,430.02,Fuel,0
200953,2893,662.28,Grocery,0
200954,8520,572.17,Fashion,0
200955,9659,354.5,Fuel,0
200956,9718,57.54,Grocery,0
200957,8525,251.25,Grocery,0
200958,8174,184.67,Fuel,0
200959,2753,49.22,Grocery,0
200960,6513,44.51,Electronics,0
200961,7243,417.45,Fashion,0
200962,1245,551.88,Grocery,0
200963,6532,610.81,Grocery,0
200964,1610,537.47,Fashion,0
200965,5278,451.73,Electronics,0
200966,6653,622.79,Electronics,0
200967,6120,55.52,Electronics,0
200968,9949,159.08,Fuel,0
200969,7753,140.61,Grocery,0
200970,6804,190.45,Grocery,0
200971,6790,267.03,Electronics,0
200972,2331,261.53,Electronics,0
200973,6416,120.48,Fuel,0
200974,8911,181.14,Grocery,0
200975,9364,377.72,Fuel,0
200976,2803,15.95,Electronics,0
200977,9687,454.97,Electronics,0
200978,7123,95.65,Grocery,0
200979,4910,154.51,Fashion,0
200980,5463,329.86,Fashion,0
200981,5336,534.67,Electronics,0
200982,1569,27.18,Grocery,0
200983,1069,416.56,Grocery,0
200984,5624,85.4,Fuel,0
200985,9921,401.79,Fashion,0
200986,7610,107.41,Grocery,0
200987,9586,552.91,Grocery,0
200988,2273,208.04,Fashion,0
200989,3576,770.3,Fuel,0
200990,1834,436.48,Fuel,0
200991,8670,344.01,Fashion,0
200992,3117,719.29,Electronics,0
200993,8836,62.25,Grocery,0
200994,4160,150.62,Electronics,0
200995,8000,401.95,Electronics,0
200996,9257,41.37,Grocery,0
200997,1817,198.59,Grocery,0
200998,4463,525.62,Fashion,0
200999,6473,618.7,Grocery,0
201000,4644,465.67,Fuel,0
201001,8664,303.09,Fashion,0
201002,9300,312.89,Fashion,0
201003,1828,11.05,Electronics,1
201004,1924,482.31,Fuel,0
201005,8559,63.86,Fuel,0
201006,8096,256.6,Fashion,0
201007,9255,71.98,Fuel,0
201008,7391,68.07,Fuel,0
201009,9530,400.18,Electronics,0
201010,4119,138.1,Fuel,0
201011,6004,531.18,Fuel,0
201012,2032,378.18,Fuel,1
201013,7543,683.82,Electronics,0
201014,5704,633.21,Grocery,0
201015,5691,255.58,Electronics,0
201016,4951,508.07,Fuel,0
201017,6918,129.69,Fuel,0
201018,3966,279.95,Electronics,0
201019,5428,525.6,Electronics,0
201020,9073,791.13,Fashion,0
201021,9115,326.49,Electronics,0
201022,1881,329.74,Grocery,0
201023,9006,310.44,Electronics,0
201024,8601,99.92,Grocery,0
201025,9835,419.19,Fuel,0
201026,7037,155.5,Electronics,0
201027,9469,608.2,Electronics,0
201028,2629,579.93,Fuel,0
201029,2933,181.45,Fuel,0
201030,5026,256.25,Fuel,0
201031,7231,558.07,Fuel,0
201032,1759,740.47,Electronics,0
201033,6971,445.54,Electronics,0
201034,8482,775.84,Fashion,0
201035,6168,338.29,Electronics,0
201036,2907,96.79,Fuel,0
201037,1662,566.42,Fuel,0
201038,2339,677.87,Grocery,0
201039,5419,103.32,Grocery,0
201040,2867,706.19,Electronics,0
201041,6591,791.92,Electronics,1
201042,4983,433.67,Electronics,0
201043,8962,183.92,Grocery,0
201044,6488,741.3,Fuel,0
201045,6762,78.92,Grocery,0
201046,1263,124.04,Fuel,0
201047,6680,438.38,Electronics,0
201048,4905,702.19,Grocery,0
201049,7351,186.35,Fashion,0
201050,4401,254.04,Grocery,0
201051,3079,430.71,Electronics,0
201052,2033,82.76,Electronics,0
201053,2876,470.66,Fashion,0
201054,2643,429.58,Fashion,0
201055,9531,73.58,Fashion,0
201056,7023,646.12,Fuel,0
201057,9623,329.7,Fuel,0
201058,7338,308.18,Fashion,0
201059,2089,122.58,Grocery,0
201060,1167,10.19,Grocery,0
201061,3680,565.62,Fuel,0
201062,2028,759.14,Fashion,0
201063,6216,303.41,Fashion,0
201064,1061,708.9,Fashion,0
201065,1096,274.86,Grocery,0
201066,9716,369.52,Grocery,0
201067,8280,361.7,Electronics,0
201068,3216,443.04,Fashion,0
201069,3441,389.39,Grocery,0
201070,8526,307.82,Electronics,0
201071,8868,292.45,Grocery,0
201072,2192,235.4,Electronics,0
201073,1336,414.18,Fuel,0
201074,8220,655.54,Fashion,0
201075,2267,134.22,Fashion,0
201076,1241,777.55,Grocery,0
201077,7548,452.65,Grocery,0
201078,1781,431.41,Grocery,0
201079,3370,411.22,Fashion,0
201080,9201,366.07,Fuel,0
201081,2518,140.42,Fuel,0
201082,5803,708.37,Grocery,0
201083,8480,242.57,Fuel,0
201084,4560,374.81,Fashion,0
201085,4687,632.15,Grocery,0
201086,9940,643.11,Fuel,0
201087,1700,563.73,Fashion,0
201088,7147,242.47,Grocery,0
201089,6840,594.03,Grocery,0
201090,6591,123.17,Electronics,0
201091,4029,509.29,Fashion,0
201092,7844,664.28,Fashion,0
201093,4574,514.88,Fuel,0
201094,1522,544.0,Fuel,0
201095,2146,31.17,Fashion,0
201096,7415,556.96,Fashion,0
201097,2372,40.1,Electronics,0
201098,9782,91.02,Fuel,0
201099,1730,696.39,Fashion,0
201100,8558,368.07,Grocery,0
201101,2443,150.48,Fuel,0
201102,7929,346.07,Fashion,1
201103,6488,274.1,Fashion,0
201104,8430,264.53,Fashion,0
201105,2018,356.07,Fashion,0
201106,5221,41.61,Electronics,0
201107,7875,535.86,Fuel,0
201108,4025,514.78,Electronics,0
201109,6935,726.76,Grocery,0
201110,6137,88.26,Grocery,0
201111,5953,622.29,Electronics,0
201112,2091,181.57,Electronics,0
201113,2233,126.93,Fuel,0
201114,5407,759.85,Fuel,0
201115,5590,90.32,Fuel,0
201116,6874,483.1,Grocery,0
201117,4156,767.32,Fuel,0
201118,4845,706.14,Grocery,0
201119,8267,375.38,Grocery,0
201120,2396,486.31,Fashion,0
201121,1234,335.31,Grocery,0
201122,1252,97.39,Electronics,0
201123,9215,563.75,Fashion,0
201124,2518,788.45,Grocery,0
201125,8682,52.4,Grocery,0
201126,2395,544.44,Fuel,0
201127,8431,113.9,Fashion,0
201128,6478,455.5,Grocery,0
201129,4938,305.17,Grocery,0
201130,2806,224.01,Fashion,0
201131,7022,440.24,Fuel,0
201132,6843,459.98,Fuel,0
201133,7663,306.35,Fashion,0
201134,1434,37.97,Fashion,0
201135,2427,204.44,Fashion,0
201136,1184,777.64,Electronics,0
201137,7052,571.72,Fashion,0
201138,9724,253.46,Electronics,0
201139,6176,38.4,Fuel,0
201140,8646,671.74,Fashion,0
201141,3968,489.13,Electronics,0
201142,7608,722.16,Grocery,0
201143,4807,721.9,Electronics,0
201144,9130,650.9,Fuel,0
201145,7213,46.18,Grocery,0
201146,6531,555.06,Electronics,0
201147,8137,669.1,Fuel,1
201148,7238,631.75,Electronics,0
201149,5834,389.46,Grocery,0
201150,9676,378.09,Electronics,0
201151,4784,588.33,Grocery,0
201152,5040,381.57,Fashion,0
201153,4004,308.83,Grocery,0
201154,2491,629.31,Grocery,0
201155,5588,563.3,Fuel,0
201156,1058,626.23,Grocery,0
201157,6261,542.84,Grocery,0
201158,3261,58.71,Electronics,0
201159,1370,42.21,Grocery,0
201160,7612,450.48,Fuel,0
201161,8214,255.81,Grocery,0
201162,6610,722.2,Electronics,0
201163,5316,760.42,Fuel,0
201164,3825,366.78,Fuel,0
201165,9298,323.04,Electronics,0
201166,6194,465.28,Electronics,0
201167,5540,584.68,Grocery,0
201168,7310,343.99,Fashion,0
201169,1729,125.34,Fashion,0
201170,4264,764.66,Grocery,0
201171,9225,162.32,Electronics,0
201172,6817,134.33,Fuel,0
201173,5728,636.39,Grocery,0
201174,9194,144.89,Grocery,0
201175,7727,277.42,Fashion,0
201176,1660,521.68,Grocery,0
201177,8870,293.0,Fuel,0
201178,1369,671.5,Electronics,0
201179,2140,386.91,Fuel,0
201180,8533,777.63,Grocery,0
201181,5785,331.94,Fashion,0
201182,7308,110.86,Grocery,0
201183,3534,66.81,Fuel,0
201184,5174,700.68,Fashion,0
201185,3923,109.49,Fuel,0
201186,4663,467.58,Fashion,0
201187,6277,224.16,Grocery,0
201188,3179,150.36,Electronics,0
201189,4529,182.2,Electronics,0
201190,6706,236.43,Fashion,0
201191,5653,35.72,Fashion,0
201192,6483,162.37,Fashion,0
201193,1516,556.08,Grocery,0
201194,9621,233.99,Fashion,0
201195,4895,25.76,Fuel,0
201196,6372,765.57,Grocery,0
201197,4861,93.1,Electronics,0
201198,5266,268.54,Fuel,0
201199,6397,322.91,Fuel,0
201200,9937,795.24,Electronics,0
201201,4481,646.99,Electronics,0
201202,5550,186.88,Fashion,0
201203,1505,675.43,Electronics,0
201204,6997,737.93,Grocery,0
201205,6979,737.35,Fashion,0
201206,6049,478.89,Fuel,0
201207,7056,764.85,Grocery,0
201208,4943,193.35,Fashion,0
201209,4296,402.43,Electronics,0
201210,2446,590.54,Fuel,0
201211,8588,461.82,Fashion,0
201212,8050,413.81,Grocery,0
201213,2558,454.81,Grocery,0
201214,5539,282.06,Fashion,0
201215,7773,129.26,Electronics,0
201216,1895,491.58,Grocery,0
201217,8735,446.65,Grocery,0
201218,9298,694.89,Electronics,0
201219,5138,5.7,Fuel,0
201220,6093,285.44,Fuel,0
201221,6648,469.05,Electronics,0
201222,5623,397.94,Grocery,0
201223,2531,759.46,Grocery,0
201224,7507,734.5,Grocery,0
201225,3221,174.33,Electronics,0
201226,7307,152.55,Grocery,0
201227,5687,231.7,Grocery,0
201228,9567,74.16,Fuel,0
201229,7692,660.94,Electronics,0
201230,5304,735.01,Electronics,0
201231,1702,790.11,Fuel,0
201232,3277,692.03,Fashion,0
201233,3723,492.54,Grocery,0
201234,7981,152.3,Fuel,1
201235,1125,505.85,Grocery,0
201236,3026,735.11,Grocery,0
201237,6422,246.08,Fashion,0
201238,8282,204.29,Electronics,0
201239,6936,791.59,Grocery,0
201240,8384,44.54,Fashion,0
201241,1620,350.42,Fuel,0
201242,2049,277.04,Fuel,0
201243,2321,636.84,Grocery,0
201244,7928,401.69,Electronics,0
201245,9175,28.03,Fashion,0
201246,9055,583.82,Electronics,0
201247,5412,510.57,Electronics,0
201248,2937,459.2,Grocery,0
201249,9716,462.1,Electronics,0
201250,3245,380.83,Fashion,0
201251,6749,98.22,Fashion,0
201252,7749,367.55,Fashion,0
201253,1126,720.33,Grocery,0
201254,3858,175.29,Electronics,0
201255,4874,259.56,Electronics,0
201256,6855,459.82,Fashion,0
201257,6194,172.87,Electronics,0
201258,2322,794.07,Grocery,0
201259,6598,410.77,Grocery,0
201260,3752,315.68,Grocery,0
201261,4876,485.91,Fashion,0
201262,4934,141.89,Fashion,0
201263,3368,569.65,Fashion,0
201264,1470,186.19,Fuel,0
201265,1626,449.74,Fuel,0
201266,8409,555.47,Fashion,0
201267,9025,358.58,Fuel,0
201268,7939,156.77,Grocery,0
201269,3846,145.36,Grocery,0
201270,3540,769.13,Fashion,0
201271,1349,347.52,Electronics,0
201272,6890,59.13,Electronics,0
201273,8266,284.06,Electronics,0
201274,4778,281.45,Grocery,0
201275,6772,678.06,Grocery,0
201276,2176,264.57,Electronics,0
201277,3387,586.74,Fashion,0
201278,2940,92.48,Fuel,0
201279,5954,374.56,Electronics,0
201280,9074,536.4,Fuel,0
201281,9949,225.59,Grocery,0
201282,6988,603.54,Fuel,0
201283,7491,298.77,Fashion,0
201284,3800,353.52,Fuel,0
201285,4948,327.03,Fuel,0
201286,8112,370.64,Fashion,0
201287,8122,642.64,Fashion,0
201288,9526,210.44,Fuel,0
201289,1126,604.91,Fuel,0
201290,6409,721.86,Electronics,0
201291,5454,46.03,Electronics,0
201292,4212,743.3,Electronics,0
201293,6729,470.73,Fashion,0
201294,3641,691.5,Fashion,0
201295,5850,54.48,Fashion,0
201296,5457,615.61,Electronics,0
201297,1402,64.79,Electronics,0
201298,1573,538.18,Fuel,0
201299,7116,266.54,Fuel,0
201300,7163,309.28,Fuel,0
201301,9868,83.15,Fuel,0
201302,8977,140.23,Fuel,0
201303,7692,758.0,Electronics,0
201304,1107,763.94,Electronics,0
201305,1029,675.29,Electronics,0
201306,4031,165.93,Grocery,0
201307,1442,649.32,Fashion,0
201308,6392,566.84,Grocery,0
201309,5574,15.29,Fashion,0
201310,8904,140.35,Electronics,0
201311,6370,271.47,Fashion,0
201312,2068,102.56,Fashion,0
201313,1412,28.51,Fuel,0
201314,1353,71.79,Electronics,0
201315,7515,718.71,Fuel,0
201316,1137,229.75,Fuel,0
201317,2075,373.42,Fuel,0
201318,4900,15.0,Grocery,0
201319,7821,14.62,Electronics,0
201320,6250,681.3,Fuel,0
201321,7730,256.19,Grocery,0
201322,9030,94.82,Fashion,0
201323,9594,117.8,Electronics,0
201324,6802,74.05,Grocery,0
201325,5387,142.22,Grocery,0
201326,4351,52.12,Grocery,0
201327,9179,253.55,Fuel,0
201328,6694,600.83,Grocery,0
201329,2371,21.15,Fuel,0
201330,8819,274.72,Electronics,0
201331,4383,139.35,Grocery,0
201332,4538,624.02,Fashion,0
201333,1698,320.66,Electronics,0
201334,1809,653.17,Grocery,0
201335,9107,605.83,Fuel,0
201336,4947,52.49,Fashion,0
201337,8397,205.46,Grocery,0
201338,3258,18.92,Electronics,0
201339,5211,87.05,Fashion,0
201340,2125,385.88,Electronics,0
201341,4836,79.66,Fuel,0
201342,7471,316.86,Fashion,0
201343,7212,630.2,Fashion,0
201344,6715,178.35,Fuel,0
201345,5719,38.06,Fashion,0
201346,4620,359.68,Grocery,0
201347,1456,191.51,Grocery,0
201348,3561,206.04,Fashion,0
201349,4827,517.42,Fashion,0
201350,9706,517.79,Fashion,0
201351,6306,390.16,Fashion,0
201352,3481,283.82,Electronics,0
201353,4123,622.73,Fashion,0
201354,1261,14.14,Grocery,0
201355,4453,669.25,Electronics,0
201356,6479,433.99,Fashion,1
201357,2880,275.64,Fuel,0
201358,8963,39.99,Fashion,0
201359,4612,172.3,Grocery,0
201360,9762,238.99,Fuel,0
201361,6474,229.46,Fashion,1
201362,8903,137.27,Fashion,0
201363,4852,133.03,Fashion,0
201364,6263,614.27,Fuel,0
201365,9048,716.36,Grocery,0
201366,7616,32.91,Electronics,0
201367,9462,498.9,Grocery,0
201368,7221,232.35,Grocery,0
201369,8507,10.38,Fuel,0
201370,4473,576.28,Fuel,0
201371,7619,782.84,Fashion,0
201372,5558,367.87,Electronics,0
201373,3142,557.21,Grocery,0
201374,6498,551.42,Fuel,0
201375,5848,178.79,Grocery,0
201376,4712,380.93,Grocery,0
201377,5591,783.44,Grocery,0
201378,2997,5.07,Fuel,1
201379,7808,105.49,Electronics,0
201380,5361,718.83,Fashion,0
201381,2353,226.46,Fashion,0
201382,1179,752.16,Grocery,0
201383,5028,376.73,Grocery,0
201384,6168,760.94,Grocery,0
201385,5940,51.99,Grocery,0
201386,1831,107.75,Fashion,0
201387,1623,628.55,Fuel,0
201388,4839,417.66,Fashion,0
201389,3558,680.97,Fuel,0
201390,7237,42.74,Fashion,0
201391,1668,171.63,Grocery,0
201392,8577,738.31,Fashion,0
201393,6038,128.13,Electronics,0
201394,3997,295.32,Grocery,0
201395,2401,352.73,Grocery,0
201396,7253,25.81,Electronics,0
201397,2180,776.1,Fashion,0
201398,8859,738.85,Fashion,1
201399,8785,421.24,Fuel,0
201400,6772,714.98,Fashion,0
201401,7809,462.57,Grocery,0
201402,2776,424.71,Electronics,0
201403,7774,275.58,Electronics,0
201404,5155,195.84,Electronics,0
201405,2127,23.09,Electronics,0
201406,2188,743.01,Fuel,0
201407,7694,364.82,Fuel,0
201408,7940,55.88,Fuel,0
201409,7038,618.74,Electronics,0
201410,2129,334.61,Electronics,0
201411,1648,241.9,Electronics,0
201412,7805,449.49,Fashion,0
201413,9593,93.81,Fuel,0
201414,1806,658.08,Grocery,0
201415,9062,5.7,Grocery,0
201416,1745,305.4,Grocery,0
201417,3689,59.63,Fuel,0
201418,6312,627.51,Fashion,0
201419,3272,626.32,Electronics,0
201420,2065,536.0,Grocery,0
201421,3638,482.61,Grocery,0
201422,5569,114.42,Electronics,0
201423,6542,522.27,Fashion,0
201424,8937,409.78,Fuel,0
201425,4081,607.07,Electronics,0
201426,2457,80.99,Electronics,0
201427,4635,475.4,Electronics,0
201428,8318,10.91,Fuel,0
201429,4285,739.41,Fuel,0
201430,3995,549.91,Fashion,0
201431,4630,196.64,Fashion,0
201432,8877,339.06,Fuel,0
201433,3185,502.2,Fashion,0
201434,5428,202.95,Grocery,0
201435,1361,292.91,Grocery,0
201436,5846,715.88,Fashion,1
201437,5845,19.41,Grocery,0
201438,1851,327.13,Fashion,0
201439,5557,552.61,Grocery,0
201440,3393,133.44,Grocery,1
201441,9744,330.31,Fuel,0
201442,9682,739.95,Fashion,0
201443,4386,276.12,Electronics,0
201444,7718,181.38,Electronics,0
201445,5628,11.28,Electronics,0
201446,9417,332.26,Electronics,0
201447,7749,71.31,Electronics,0
201448,5172,325.12,Fashion,0
201449,6352,757.82,Fashion,0
201450,2861,593.31,Fuel,0
201451,6631,210.83,Electronics,0
201452,4229,180.32,Fashion,0
201453,1882,352.05,Fashion,0
201454,8579,724.11,Grocery,0
201455,8715,437.26,Grocery,0
201456,6381,215.96,Fashion,0
201457,2988,701.9,Fuel,0
201458,8174,445.98,Fuel,0
201459,6599,737.9,Fuel,0
201460,8768,115.82,Fuel,0
201461,4881,217.47,Fashion,0
201462,4775,215.46,Grocery,0
201463,1246,71.78,Fuel,0
201464,7514,76.63,Fuel,0
201465,8900,528.92,Fuel,0
201466,2436,482.4,Fuel,1
201467,8359,46.49,Fuel,0
201468,2067,181.11,Electronics,0
201469,6622,562.39,Electronics,0
201470,6604,62.8,Electronics,0
201471,7042,316.51,Electronics,0
201472,9498,284.42,Fashion,0
201473,9971,530.86,Electronics,0
201474,6436,625.82,Fashion,0
201475,6042,466.38,Fashion,0
201476,7068,564.19,Fashion,0
201477,6661,343.95,Electronics,0
201478,6692,594.82,Fashion,0
201479,6515,567.87,Fuel,0
201480,3618,612.64,Electronics,0
201481,3866,565.51,Grocery,0
201482,5355,322.09,Fuel,0
201483,3791,421.85,Electronics,0
201484,4275,568.22,Grocery,0
201485,6273,199.21,Grocery,0
201486,9483,534.67,Fashion,1
201487,1930,327.0,Grocery,0
201488,4075,600.79,Electronics,0
201489,4757,208.51,Electronics,0
201490,9471,275.37,Grocery,0
201491,3405,319.27,Fuel,0
201492,4528,168.79,Fashion,0
201493,6600,343.14,Grocery,0
201494,1611,346.32,Grocery,0
201495,2020,637.08,Grocery,0
201496,4446,63.12,Grocery,0
201497,3917,284.53,Fuel,0
201498,5598,535.22,Fuel,0
201499,8101,495.95,Fashion,0
201500,2558,101.24,Grocery,0
201501,7977,734.48,Fuel,0
201502,6006,346.05,Fashion,0
201503,3832,514.05,Fashion,0
201504,2969,307.45,Electronics,0
201505,3255,636.26,Grocery,0
201506,2984,600.62,Fuel,0
201507,1242,138.34,Grocery,0
201508,7649,622.25,Electronics,0
201509,3571,611.24,Grocery,0
201510,2715,185.43,Electronics,0
201511,8076,715.47,Electronics,0
201512,9968,737.07,Grocery,0
201513,1663,745.36,Fuel,0
201514,9524,617.72,Fuel,0
201515,8659,208.63,Grocery,0
201516,2236,373.79,Fuel,0
201517,4207,155.63,Fuel,0
201518,5592,532.36,Fashion,0
201519,7323,211.72,Fashion,0
201520,2474,498.89,Grocery,0
201521,6799,406.95,Grocery,0
201522,9009,610.12,Electronics,0
201523,6474,316.68,Fashion,0
201524,3957,715.54,Grocery,0
201525,1185,162.01,Grocery,0
201526,8877,201.84,Electronics,0
201527,5117,777.84,Fuel,0
201528,5374,94.42,Electronics,0
201529,3682,721.12,Fuel,0
201530,3803,544.55,Electronics,0
201531,1956,289.18,Fuel,1
201532,6669,673.33,Grocery,0
201533,4721,574.87,Grocery,0
201534,7060,315.64,Fashion,0
201535,3025,642.03,Electronics,0
201536,8046,417.35,Fuel,0
201537,8875,324.77,Fuel,0
201538,7290,167.84,Fashion,0
201539,3876,391.5,Fuel,0
201540,1189,239.17,Fuel,0
201541,2731,406.75,Fashion,0
201542,9437,20.63,Fuel,0
201543,2248,346.46,Electronics,0
201544,1634,112.07,Fuel,0
201545,2759,238.74,Grocery,0
201546,3447,413.7,Electronics,0
201547,5133,270.7,Fashion,0
201548,4406,518.14,Grocery,0
201549,7507,5.15,Fuel,1
201550,6287,321.76,Fashion,0
201551,3574,517.06,Fashion,0
201552,5187,205.1,Fuel,0
201553,8060,289.94,Grocery,0
201554,9048,274.9,Fashion,0
201555,6972,561.72,Fashion,0
201556,6842,681.94,Fashion,0
201557,6360,279.62,Fuel,0
201558,7822,515.9,Fashion,0
201559,7421,175.36,Grocery,0
201560,4540,500.96,Fashion,0
201561,5689,637.44,Electronics,0
201562,8177,256.65,Fashion,1
201563,3455,531.92,Fuel,0
201564,2960,726.57,Fuel,0
201565,6453,227.12,Electronics,0
201566,8883,152.29,Fashion,0
201567,4554,271.82,Fashion,0
201568,8411,788.51,Grocery,0
201569,2110,149.69,Electronics,0
201570,8671,583.93,Fashion,0
201571,7700,275.04,Fashion,0
201572,8914,397.8,Grocery,0
201573,4726,73.04,Fuel,0
201574,8972,77.23,Grocery,0
201575,6510,539.63,Electronics,0
201576,8375,313.38,Fuel,0
201577,5816,624.91,Fashion,0
201578,2333,326.96,Electronics,0
201579,9007,763.73,Electronics,0
201580,7790,449.45,Fashion,0
201581,9346,72.31,Fuel,0
201582,8492,410.06,Electronics,0
201583,5555,162.6,Grocery,0
201584,1093,542.94,Electronics,0
201585,3597,572.68,Grocery,0
201586,3028,548.64,Electronics,0
201587,2731,125.97,Grocery,0
201588,2565,799.0,Fuel,0
201589,2370,32.51,Electronics,0
201590,6755,245.21,Fuel,0
201591,6792,381.03,Electronics,0
201592,7331,288.23,Electronics,0
201593,3929,570.9,Fuel,0
201594,2628,41.15,Electronics,0
201595,3992,384.52,Grocery,0
201596,5877,335.63,Electronics,0
201597,3862,603.19,Fashion,0
201598,4267,64.27,Fuel,0
201599,8194,423.72,Fuel,0
201600,1951,403.13,Electronics,0
201601,2299,497.58,Fashion,0
201602,2353,105.63,Fashion,0
201603,6533,508.62,Fuel,0
201604,1548,384.51,Fashion,0
201605,2383,477.25,Grocery,0
201606,7908,109.65,Electronics,0
201607,9688,65.43,Grocery,0
201608,4514,169.21,Grocery,0
201609,1465,629.91,Electronics,0
201610,7231,192.69,Electronics,0
201611,3852,683.82,Fashion,0
201612,8207,373.92,Electronics,0
201613,6413,287.79,Fuel,0
201614,8622,507.88,Fashion,0
201615,7117,768.55,Electronics,0
201616,6497,59.23,Grocery,0
201617,2302,597.61,Fashion,0
201618,2622,770.5,Fuel,0
201619,5033,774.97,Fashion,0
201620,2608,178.47,Electronics,0
201621,1921,77.98,Fashion,0
201622,4558,365.76,Fuel,0
201623,4297,46.63,Grocery,0
201624,3453,657.85,Fuel,0
201625,3566,592.66,Fuel,0
201626,2191,649.77,Grocery,0
201627,2639,157.81,Electronics,0
201628,6000,756.8,Electronics,0
201629,9083,262.16,Grocery,0
201630,4539,44.47,Grocery,0
201631,8440,478.89,Electronics,0
201632,9960,543.64,Grocery,0
201633,3115,108.74,Fuel,0
201634,9976,116.93,Grocery,0
201635,2957,399.9,Fashion,0
201636,5685,307.81,Grocery,0
201637,6348,755.19,Fuel,0
201638,8779,360.44,Fashion,0
201639,3658,458.17,Fashion,0
201640,3112,259.58,Electronics,0
201641,3030,334.87,Fashion,0
201642,8386,708.5,Electronics,0
201643,9488,173.17,Fashion,0
201644,5267,534.03,Grocery,1
201645,9558,557.31,Fashion,0
201646,6404,397.89,Fashion,0
201647,6824,474.0,Fashion,0
201648,5724,630.05,Fashion,0
201649,4035,523.73,Grocery,0
201650,4561,517.7,Fuel,0
201651,9436,512.42,Electronics,0
201652,1063,348.0,Fuel,0
201653,5273,272.18,Fashion,0
201654,5885,752.0,Electronics,0
201655,4389,744.89,Electronics,0
201656,6907,492.46,Fuel,1
201657,2171,505.73,Fashion,0
201658,9906,245.04,Grocery,0
201659,3251,517.46,Electronics,0
201660,1529,225.65,Fuel,0
201661,8353,458.56,Electronics,0
201662,1953,106.87,Fuel,0
201663,3420,312.69,Fuel,0
201664,1949,108.47,Fashion,0
201665,3187,15.73,Fashion,0
201666,8925,550.74,Fuel,0
201667,7697,40.78,Electronics,0
201668,5360,84.32,Grocery,0
201669,5517,354.81,Fashion,0
201670,5717,265.99,Fuel,0
201671,3957,619.56,Electronics,0
201672,4640,215.01,Grocery,0
201673,5445,447.67,Grocery,0
201674,7240,47.05,Fuel,0
201675,1160,383.88,Fuel,0
201676,6795,236.65,Grocery,0
201677,7127,702.73,Fuel,0
201678,1703,670.93,Grocery,0
201679,2992,325.34,Fuel,0
201680,4619,471.34,Grocery,0
201681,1411,427.62,Grocery,0
201682,1085,41.59,Fuel,0
201683,8410,416.27,Grocery,0
201684,1214,403.21,Electronics,0
201685,4646,767.07,Fuel,1
201686,9038,720.81,Grocery,0
201687,8859,129.39,Grocery,0
201688,6864,554.69,Fashion,0
201689,6924,6.0,Fashion,0
201690,8281,112.38,Electronics,0
201691,8995,222.34,Fashion,0
201692,2595,40.35,Electronics,0
201693,2695,771.99,Fuel,0
201694,2565,616.95,Grocery,0
201695,3452,16.28,Electronics,0
201696,2193,571.23,Fashion,1
201697,2357,518.85,Electronics,0
201698,8191,265.79,Fuel,0
201699,6472,322.84,Fuel,1
201700,5225,41.7,Electronics,0
201701,4282,712.42,Grocery,0
201702,3395,66.92,Fashion,0
201703,4216,166.12,Fashion,0
201704,2378,581.73,Electronics,0
201705,7425,634.53,Electronics,0
201706,6452,263.87,Fashion,0
201707,2489,638.19,Electronics,0
201708,1292,663.27,Fuel,0
201709,7319,725.95,Electronics,0
201710,4445,329.4,Fuel,0
201711,7989,499.7,Grocery,0
201712,4149,125.84,Grocery,0
201713,9240,116.49,Fuel,0
201714,5544,715.91,Grocery,0
201715,1535,576.79,Fuel,0
201716,4176,300.5,Fashion,0
201717,3715,202.12,Fuel,0
201718,7277,313.8,Electronics,0
201719,9517,36.41,Fuel,0
201720,6253,418.02,Grocery,0
201721,6088,296.72,Fuel,0
201722,2168,235.38,Electronics,0
201723,9929,713.16,Electronics,0
201724,7430,460.06,Electronics,0
201725,8344,686.3,Fashion,0
201726,3082,451.7,Electronics,0
201727,2716,407.3,Grocery,0
201728,5389,775.85,Grocery,0
201729,7826,446.31,Electronics,0
201730,2377,678.16,Fashion,0
201731,9504,150.35,Fashion,0
201732,1498,208.89,Fuel,0
201733,1821,178.35,Grocery,0
201734,8604,410.26,Fuel,0
201735,4303,87.69,Electronics,0
201736,1493,332.87,Grocery,0
201737,1374,598.27,Grocery,0
201738,7744,104.29,Electronics,0
201739,9078,480.5,Electronics,0
201740,9256,293.38,Fashion,0
201741,1361,253.82,Fashion,0
201742,8361,528.95,Fashion,0
201743,6698,464.23,Fashion,0
201744,4417,514.49,Electronics,0
201745,6865,700.49,Grocery,0
201746,3412,725.19,Grocery,0
201747,8064,194.77,Grocery,0
201748,6779,582.16,Fuel,0
201749,6259,644.59,Fashion,0
201750,1884,129.02,Grocery,0
201751,6028,253.26,Fuel,0
201752,6061,86.15,Grocery,0
201753,2129,631.98,Electronics,1
201754,2370,202.43,Fashion,0
201755,7885,390.25,Fuel,0
201756,6680,56.69,Grocery,0
201757,4269,499.43,Electronics,1
201758,1495,717.55,Fuel,0
201759,9034,202.39,Electronics,0
201760,2681,220.8,Fuel,0
201761,8058,511.26,Grocery,0
201762,3837,276.69,Electronics,0
201763,5071,192.77,Fashion,0
201764,7619,770.39,Electronics,0
201765,6325,480.66,Grocery,0
201766,3566,380.85,Electronics,0
201767,4152,461.47,Fuel,0
201768,8319,342.5,Fuel,0
201769,5294,357.01,Fuel,0
201770,9556,326.45,Fashion,0
201771,7566,615.91,Fashion,0
201772,4477,176.71,Fashion,0
201773,5953,99.18,Electronics,0
201774,4962,293.87,Fashion,0
201775,1502,161.2,Grocery,0
201776,1596,124.11,Fashion,0
201777,1302,6.97,Fuel,0
201778,8019,276.29,Electronics,0
201779,6014,83.26,Fashion,1
201780,2776,585.64,Fashion,0
201781,6382,580.2,Grocery,0
201782,3938,353.6,Fuel,0
201783,3638,70.72,Fuel,0
201784,7246,328.92,Grocery,0
201785,9328,115.12,Grocery,0
201786,5134,485.85,Fuel,0
201787,6409,513.35,Fashion,0
201788,8510,647.66,Fuel,0
201789,1785,14.88,Grocery,0
201790,6789,78.42,Fashion,0
201791,7339,781.46,Fuel,0
201792,2292,635.12,Fashion,0
201793,9885,621.49,Grocery,0
201794,6277,367.11,Fuel,0
201795,1866,364.14,Grocery,0
201796,2472,414.21,Fuel,0
201797,7503,406.42,Fuel,0
201798,7947,290.11,Electronics,0
201799,7795,149.8,Fashion,0
201800,5184,145.06,Electronics,0
201801,9592,675.45,Electronics,0
201802,9373,284.1,Fashion,0
201803,7389,604.29,Fuel,0
201804,6546,473.68,Fuel,0
201805,4538,47.8,Fuel,0
201806,1891,196.44,Fuel,0
201807,6461,363.89,Electronics,0
201808,7116,422.68,Grocery,0
201809,2775,450.15,Grocery,0
201810,8209,669.14,Electronics,0
201811,4006,602.23,Grocery,0
201812,6094,776.48,Grocery,0
201813,1466,378.08,Electronics,0
201814,9549,145.32,Grocery,0
201815,2873,282.78,Fuel,0
201816,9758,580.75,Fuel,0
201817,9362,589.59,Fuel,0
201818,1914,158.82,Fuel,0
201819,8493,53.21,Grocery,0
201820,9560,391.25,Fashion,0
201821,2187,527.67,Electronics,0
201822,6811,536.99,Grocery,0
201823,1099,296.55,Fashion,0
201824,8020,344.24,Fashion,0
201825,9456,321.92,Fashion,0
201826,5839,352.57,Fuel,0
201827,5331,105.2,Grocery,0
201828,2369,68.97,Fuel,0
201829,6213,151.19,Grocery,0
201830,1653,292.67,Grocery,0
201831,2421,125.95,Fashion,0
201832,6534,478.63,Fuel,0
201833,6276,208.87,Fashion,0
201834,1469,636.7,Grocery,0
201835,6439,377.33,Fashion,0
201836,1863,464.37,Fashion,0
201837,7668,231.23,Electronics,0
201838,7043,58.78,Electronics,0
201839,5228,320.71,Grocery,0
201840,6431,197.29,Fashion,0
201841,6324,221.7,Electronics,0
201842,5381,573.9,Fashion,0
201843,6542,52.15,Fuel,0
201844,2715,606.46,Electronics,0
201845,7064,421.58,Fashion,0
201846,4960,671.94,Electronics,0
201847,5886,379.48,Grocery,0
201848,2522,687.02,Electronics,0
201849,5669,623.2,Fuel,0
201850,1938,525.05,Electronics,0
201851,1139,725.51,Electronics,0
201852,6288,504.7,Fashion,0
201853,8920,421.49,Electronics,0
201854,5552,51.43,Grocery,0
201855,8194,781.04,Grocery,0
201856,4550,400.82,Grocery,0
201857,1736,620.56,Grocery,0
201858,6506,175.25,Fuel,0
201859,3483,67.32,Electronics,0
201860,9586,719.69,Fashion,0
201861,8793,238.51,Grocery,0
201862,5846,472.83,Electronics,0
201863,4136,455.09,Fuel,0
201864,3724,200.59,Fashion,0
201865,1394,348.32,Fuel,0
201866,4421,274.53,Fuel,0
201867,5277,275.98,Fashion,0
201868,9234,677.98,Electronics,0
201869,6908,424.15,Electronics,0
201870,3024,561.16,Fuel,1
201871,7556,431.15,Fuel,0
201872,5008,585.11,Electronics,0
201873,2265,93.08,Grocery,0
201874,4743,783.56,Fuel,0
201875,8649,556.01,Fuel,0
201876,6575,472.35,Fuel,0
201877,1600,87.1,Fuel,0
201878,6418,157.34,Fashion,0
201879,5335,312.58,Electronics,0
201880,5543,673.4,Electronics,0
201881,3368,276.32,Fashion,0
201882,2970,380.04,Grocery,1
201883,8504,701.69,Fuel,0
201884,3114,43.09,Electronics,0
201885,3484,155.72,Fashion,0
201886,5748,377.23,Fashion,0
201887,7514,272.81,Fashion,0
201888,6299,176.58,Grocery,0
201889,4426,452.48,Fashion,0
201890,3122,395.74,Fuel,0
201891,1466,48.82,Fuel,0
201892,7024,608.4,Fashion,0
201893,5557,27.75,Fuel,0
201894,1633,647.74,Electronics,0
201895,6497,66.17,Fuel,0
201896,5779,20.27,Grocery,0
201897,7555,697.09,Fashion,0
201898,3971,403.3,Fashion,0
201899,9887,635.52,Electronics,0
201900,2001,317.49,Electronics,0
201901,3274,702.17,Fuel,0
201902,9080,526.43,Grocery,0
201903,5288,32.37,Grocery,0
201904,6319,519.79,Grocery,0
201905,1882,8.55,Fashion,0
201906,6087,623.47,Fuel,0
201907,7021,570.94,Fuel,0
201908,1022,393.61,Grocery,0
201909,4788,561.03,Electronics,1
201910,6338,648.87,Fashion,0
201911,6989,54.01,Electronics,0
201912,3150,714.74,Fuel,0
201913,9091,570.08,Fuel,0
201914,8507,644.89,Grocery,0
201915,8541,756.36,Grocery,0
201916,6525,550.79,Fuel,0
201917,5993,48.87,Grocery,0
201918,8978,380.88,Fashion,0
201919,2739,782.56,Electronics,0
201920,8544,401.07,Electronics,0
201921,1664,364.35,Grocery,0
201922,1316,241.21,Electronics,0
201923,7866,490.48,Fashion,0
201924,8875,583.4,Grocery,0
201925,1681,347.75,Grocery,0
201926,4374,385.33,Fuel,0
201927,1241,509.84,Fashion,0
201928,8337,267.56,Fashion,0
201929,5926,404.52,Fashion,0
201930,5478,649.67,Fashion,0
201931,3110,228.44,Fuel,0
201932,2201,556.25,Fuel,0
201933,7099,480.83,Electronics,0
201934,5613,204.75,Grocery,1
201935,2521,656.71,Fashion,0
201936,1029,5.98,Electronics,0
201937,7030,41.39,Fuel,0
201938,3767,641.19,Electronics,0
201939,8848,766.81,Grocery,0
201940,1821,335.87,Fashion,0
201941,5936,102.69,Electronics,0
201942,1640,276.34,Fashion,0
201943,5915,173.39,Electronics,0
201944,8554,228.33,Fuel,0
201945,8488,50.03,Fashion,0
201946,2637,267.65,Fuel,0
201947,9784,399.86,Fashion,0
201948,2664,364.92,Grocery,0
201949,3773,544.67,Fashion,0
201950,7563,542.86,Fashion,0
201951,2423,754.58,Grocery,0
201952,7466,514.18,Fuel,0
201953,6151,404.58,Electronics,0
201954,9533,799.62,Fashion,0
201955,6839,169.67,Grocery,0
201956,4480,308.46,Grocery,0
201957,1677,165.28,Electronics,1
201958,7663,355.11,Fashion,0
201959,8139,246.83,Grocery,0
201960,3986,590.41,Fuel,0
201961,5148,235.32,Grocery,0
201962,9314,34.65,Grocery,0
201963,1848,558.86,Fashion,0
201964,3932,70.57,Fuel,0
201965,8721,619.1,Fuel,0
201966,8341,561.36,Fashion,0
201967,5965,730.13,Grocery,0
201968,7135,418.22,Fashion,0
201969,9184,583.44,Electronics,0
201970,8603,569.01,Electronics,0
201971,8368,241.83,Grocery,0
201972,1670,658.93,Electronics,0
201973,7697,787.3,Electronics,0
201974,1730,619.1,Electronics,0
201975,6180,86.79,Fuel,0
201976,7133,358.41,Fashion,0
201977,8544,755.05,Grocery,0
201978,8921,86.01,Fuel,0
201979,4093,712.93,Fuel,0
201980,3484,272.71,Electronics,0
201981,6095,449.04,Electronics,0
201982,4641,104.46,Fashion,0
201983,2166,666.19,Fuel,1
201984,9171,697.45,Fuel,0
201985,6276,644.17,Grocery,0
201986,1754,419.47,Grocery,0
201987,5758,71.61,Fuel,0
201988,1894,205.53,Electronics,0
201989,8935,726.79,Grocery,0
201990,1513,236.67,Electronics,0
201991,9895,771.51,Fashion,0
201992,4675,61.28,Grocery,0
201993,6134,144.95,Electronics,0
201994,4550,468.99,Electronics,0
201995,6478,98.8,Electronics,0
201996,8859,535.59,Fashion,0
201997,1567,541.62,Grocery,0
201998,8649,350.43,Fashion,0
201999,3366,512.97,Grocery,0
202000,7641,555.74,Grocery,0
202001,3017,155.94,Fuel,0
202002,7942,708.6,Grocery,0
202003,6469,547.57,Fashion,0
202004,1518,178.21,Fuel,0
202005,8339,388.91,Grocery,0
202006,7340,392.04,Fuel,0
202007,5611,474.2,Fuel,0
202008,1702,343.82,Fashion,0
202009,1005,337.0,Fuel,0
202010,9786,761.59,Fashion,0
202011,5128,294.65,Electronics,0
202012,9879,748.44,Fuel,0
202013,9285,576.64,Grocery,0
202014,9737,799.83,Fuel,0
202015,9112,685.89,Grocery,0
202016,3582,484.11,Fashion,0
202017,8891,111.0,Fuel,0
202018,8586,733.51,Fuel,0
202019,7267,609.27,Fashion,0
202020,5828,602.72,Electronics,0
202021,7509,591.13,Grocery,0
202022,2812,628.63,Grocery,0
202023,3677,757.51,Electronics,0
202024,4525,327.22,Electronics,0
202025,6136,233.41,Fashion,0
202026,7960,102.23,Fashion,0
202027,9984,497.3,Electronics,0
202028,3471,141.56,Electronics,0
202029,6532,631.58,Grocery,0
202030,7741,154.17,Electronics,0
202031,7697,418.99,Electronics,0
202032,6879,330.05,Grocery,0
202033,4620,57.53,Electronics,0
202034,1470,72.45,Fuel,0
202035,8124,745.05,Fashion,0
202036,4599,664.63,Fuel,0
202037,6875,763.81,Fuel,0
202038,4315,270.86,Electronics,0
202039,8504,32.11,Grocery,0
202040,5399,218.33,Grocery,0
202041,4467,8.7,Electronics,0
202042,6872,73.89,Fashion,0
202043,7791,130.7,Fashion,0
202044,7973,715.92,Fashion,0
202045,7770,120.65,Electronics,0
202046,4159,84.83,Fuel,0
202047,4474,159.08,Electronics,0
202048,6314,518.92,Fashion,0
202049,3709,550.12,Fashion,0
202050,6600,517.28,Electronics,0
202051,3918,685.72,Grocery,0
202052,7551,664.07,Fashion,0
202053,5370,203.21,Fashion,0
202054,1792,569.41,Grocery,0
202055,8125,456.57,Fashion,0
202056,5138,568.87,Grocery,0
202057,2620,120.74,Fashion,0
202058,9763,363.11,Electronics,0
202059,1683,120.4,Grocery,0
202060,1393,339.46,Fuel,0
202061,4104,51.79,Fuel,0
202062,2074,498.04,Electronics,0
202063,9546,569.76,Grocery,0
202064,5672,161.33,Fuel,0
202065,3559,156.18,Electronics,0
202066,3084,224.44,Grocery,0
202067,7394,454.55,Fashion,0
202068,3180,576.06,Fuel,0
202069,8835,63.24,Fashion,0
202070,4631,179.78,Fuel,0
202071,6824,315.14,Fuel,0
202072,6234,293.04,Grocery,0
202073,1458,523.59,Fashion,0
202074,8989,437.75,Fashion,0
202075,7253,74.34,Grocery,0
202076,9276,307.97,Grocery,0
202077,2243,314.46,Fuel,0
202078,8730,795.49,Electronics,0
202079,6109,606.42,Electronics,0
202080,3613,610.27,Electronics,0
202081,8111,341.01,Electronics,0
202082,6837,440.77,Fuel,0
202083,3250,718.8,Electronics,0
202084,1230,98.34,Fuel,0
202085,1457,53.53,Grocery,0
202086,2549,152.24,Fashion,0
202087,5793,162.02,Fuel,0
202088,8489,695.62,Fuel,0
202089,6158,675.04,Fashion,0
202090,9210,370.33,Grocery,0
202091,5936,149.06,Grocery,0
202092,6730,209.99,Electronics,0
202093,5568,97.98,Fashion,0
202094,3685,445.68,Fuel,0
202095,5480,213.61,Fuel,0
202096,1719,385.35,Fashion,0
202097,3082,597.93,Fuel,0
202098,8572,429.57,Fuel,0
202099,9581,29.16,Electronics,0
202100,9903,257.16,Fuel,0
202101,2600,620.94,Fashion,0
202102,5112,548.85,Fuel,0
202103,5470,351.82,Grocery,0
202104,4572,55.3,Fashion,0
202105,9931,326.68,Fashion,0
202106,6476,755.9,Fashion,0
202107,3516,13.19,Grocery,0
202108,7183,354.16,Electronics,0
202109,9628,513.68,Electronics,0
202110,9786,663.78,Grocery,0
202111,8765,327.37,Fuel,0
202112,7566,394.55,Fashion,0
202113,2473,785.41,Fashion,0
202114,3072,651.12,Fashion,0
202115,2115,70.19,Fashion,0
202116,5703,95.83,Electronics,0
202117,1826,321.71,Electronics,0
202118,7487,432.6,Fuel,0
202119,3459,161.51,Fuel,0
202120,6562,639.84,Grocery,0
202121,4780,256.11,Fuel,0
202122,4095,632.06,Electronics,0
202123,8024,681.58,Fashion,0
202124,9917,173.46,Fuel,0
202125,4966,325.94,Fashion,0
202126,4157,594.2,Fuel,0
202127,7149,639.47,Fashion,0
202128,1248,593.59,Fuel,0
202129,5341,436.69,Electronics,0
202130,5107,425.42,Fuel,0
202131,8479,627.2,Fashion,0
202132,6562,24.59,Electronics,0
202133,5699,88.11,Electronics,0
202134,8825,468.11,Electronics,0
202135,5309,195.87,Electronics,0
202136,9476,291.9,Electronics,0
202137,7567,346.09,Electronics,0
202138,5095,564.63,Fuel,0
202139,5085,107.42,Fuel,0
202140,7284,284.4,Electronics,0
202141,5919,612.18,Grocery,0
202142,1587,281.46,Fashion,0
202143,8548,430.89,Grocery,0
202144,6456,627.05,Fashion,0
202145,5949,81.58,Electronics,0
202146,3274,434.31,Fashion,0
202147,4856,640.06,Electronics,0
202148,6903,187.4,Fashion,0
202149,2508,610.17,Fashion,0
202150,1424,228.64,Fashion,0
202151,8488,504.87,Electronics,0
202152,2742,25.82,Electronics,0
202153,8324,249.71,Electronics,0
202154,8936,759.99,Electronics,0
202155,7477,520.2,Fuel,0
202156,6046,259.6,Grocery,0
202157,9891,676.35,Fashion,0
202158,6451,642.83,Grocery,0
202159,5792,55.59,Fashion,0
202160,1142,149.81,Grocery,0
202161,4664,673.25,Fuel,0
202162,8411,782.05,Fashion,0
202163,4255,756.34,Fashion,0
202164,6141,289.87,Fuel,0
202165,6296,125.07,Grocery,0
202166,7919,421.42,Fashion,0
202167,2734,698.88,Fuel,0
202168,1139,517.44,Electronics,0
202169,6022,309.46,Grocery,0
202170,2112,495.37,Electronics,0
202171,5813,28.91,Fuel,0
202172,7199,556.54,Fuel,0
202173,8907,186.96,Grocery,0
202174,4829,245.63,Electronics,0
202175,1669,532.52,Grocery,0
202176,2022,726.25,Electronics,0
202177,9349,721.63,Fuel,0
202178,8762,716.28,Fuel,0
202179,7888,428.27,Electronics,0
202180,3607,484.74,Fashion,0
202181,9994,128.55,Electronics,0
202182,8798,65.83,Fashion,0
202183,7444,711.75,Electronics,0
202184,3163,435.54,Electronics,0
202185,3925,793.51,Fuel,0
202186,7407,88.51,Electronics,0
202187,6463,188.61,Grocery,0
202188,5856,602.26,Grocery,0
202189,5103,85.73,Fashion,0
202190,2106,101.0,Fuel,0
202191,5944,104.41,Grocery,0
202192,3426,448.93,Grocery,0
202193,2238,176.79,Electronics,0
202194,3946,350.2,Grocery,0
202195,8816,422.77,Grocery,0
202196,8798,698.83,Electronics,0
202197,5812,264.51,Electronics,0
202198,1990,750.46,Electronics,0
202199,6015,601.3,Fashion,0
202200,5571,664.04,Fuel,0
202201,3117,389.15,Electronics,0
202202,2124,160.87,Fashion,0
202203,3408,644.23,Fuel,0
202204,7213,13.18,Grocery,0
202205,1959,555.08,Fuel,0
202206,1942,130.58,Electronics,0
202207,6804,348.77,Electronics,0
202208,1117,565.4,Fuel,0
202209,2949,397.64,Electronics,0
202210,4436,485.67,Grocery,0
202211,7357,603.08,Fashion,0
202212,7002,510.88,Fuel,0
202213,3832,549.3,Fuel,0
202214,6097,716.67,Electronics,0
202215,1357,263.44,Grocery,0
202216,1852,267.19,Electronics,0
202217,3213,60.65,Electronics,0
202218,5773,643.56,Fuel,0
202219,8177,697.41,Fashion,0
202220,3938,298.33,Grocery,0
202221,5394,128.16,Electronics,0
202222,4896,181.13,Fuel,0
202223,1801,336.44,Electronics,0
202224,3851,473.08,Fashion,0
202225,8769,766.54,Fashion,0
202226,7763,357.1,Fuel,1
202227,6566,738.17,Electronics,0
202228,7499,398.63,Fuel,0
202229,5880,273.74,Grocery,0
202230,2590,530.48,Fuel,0
202231,2957,345.5,Grocery,0
202232,6774,23.3,Grocery,0
202233,5622,419.59,Electronics,0
202234,1580,296.7,Fuel,0
202235,3034,471.51,Fuel,0
202236,1543,63.49,Fuel,0
202237,2625,732.1,Fashion,0
202238,4863,390.47,Grocery,0
202239,8011,155.16,Fuel,0
202240,8529,39.73,Fuel,0
202241,5980,466.93,Electronics,0
202242,7991,278.06,Fuel,0
202243,6616,735.86,Fashion,0
202244,4315,515.89,Electronics,0
202245,6321,457.91,Fashion,0
202246,9733,26.99,Fashion,0
202247,6986,46.2,Fashion,0
202248,2441,767.37,Fuel,0
202249,8349,575.29,Fuel,0
202250,5477,228.9,Fashion,0
202251,5349,783.81,Fashion,0
202252,5889,344.75,Grocery,0
202253,4418,473.09,Electronics,0
202254,3790,739.2,Fashion,0
202255,2955,331.09,Fashion,0
202256,2029,643.54,Fuel,0
202257,3367,454.48,Grocery,0
202258,1467,431.02,Fashion,0
202259,2232,690.01,Fashion,0
202260,4773,21.17,Grocery,0
202261,7787,203.83,Grocery,0
202262,4603,16.63,Electronics,0
202263,9220,266.66,Electronics,0
202264,8899,531.33,Fashion,0
202265,2777,727.35,Electronics,0
202266,6651,223.05,Fashion,0
202267,4364,62.26,Fashion,0
202268,6976,178.6,Electronics,0
202269,8548,217.27,Fashion,0
202270,8106,195.12,Fuel,0
202271,3136,463.99,Electronics,0
202272,9800,495.27,Electronics,0
202273,8905,752.58,Electronics,0
202274,2022,15.9,Fashion,0
202275,3243,710.48,Fuel,0
202276,6612,142.93,Electronics,0
202277,8838,731.24,Fashion,0
202278,3258,705.57,Electronics,0
202279,6681,598.19,Grocery,0
202280,5142,418.71,Electronics,0
202281,1474,343.57,Electronics,0
202282,5224,188.27,Grocery,0
202283,3846,781.12,Electronics,0
202284,9399,456.99,Electronics,0
202285,2739,213.87,Electronics,0
202286,7823,105.78,Fashion,0
202287,7971,633.87,Fashion,0
202288,5625,497.91,Fuel,0
202289,5545,68.7,Electronics,0
202290,7368,6.83,Electronics,0
202291,9024,331.24,Electronics,0
202292,1034,407.1,Grocery,0
202293,5237,499.91,Fashion,0
202294,3637,495.92,Grocery,0
202295,8407,526.39,Grocery,0
202296,2889,374.23,Grocery,0
202297,4835,442.61,Fashion,0
202298,7890,50.63,Grocery,0
202299,4449,410.59,Fuel,0
202300,1614,31.0,Electronics,0
202301,3219,30.49,Fashion,0
202302,9196,708.11,Fashion,0
202303,6620,140.0,Electronics,0
202304,8045,260.58,Grocery,0
202305,8201,752.5,Fuel,0
202306,8638,220.54,Fuel,0
202307,5661,422.44,Fashion,0
202308,8570,19.98,Fashion,0
202309,6091,641.42,Electronics,0
202310,7233,267.53,Electronics,0
202311,3308,99.32,Fashion,0
202312,9199,284.59,Fashion,0
202313,2115,395.47,Fashion,0
202314,1385,32.14,Grocery,0
202315,2184,439.42,Grocery,0
202316,7622,420.96,Fuel,0
202317,4299,443.48,Grocery,0
202318,3170,734.79,Grocery,0
202319,2375,241.93,Electronics,0
202320,5330,321.25,Fuel,0
202321,7315,183.32,Fashion,0
202322,4697,115.06,Electronics,0
202323,1152,713.07,Fashion,0
202324,2588,573.84,Electronics,0
202325,5997,749.81,Fashion,0
202326,8237,391.79,Fashion,0
202327,8162,792.82,Grocery,0
202328,5722,306.97,Fashion,0
202329,3721,670.98,Fuel,0
202330,2677,321.26,Fuel,0
202331,1923,385.09,Electronics,0
202332,5653,114.52,Fashion,0
202333,3768,610.83,Electronics,0
202334,5206,193.64,Grocery,0
202335,6939,293.11,Grocery,0
202336,7336,407.48,Grocery,0
202337,2346,782.93,Electronics,0
202338,3689,734.79,Fashion,0
202339,2693,466.27,Fashion,0
202340,5129,554.74,Grocery,0
202341,8035,419.01,Grocery,0
202342,6415,626.05,Grocery,0
202343,9618,559.8,Grocery,0
202344,3921,38.14,Fashion,0
202345,1839,148.9,Grocery,0
202346,8367,360.53,Fashion,0
202347,4008,433.99,Fashion,0
202348,2186,752.24,Grocery,0
202349,4598,541.63,Fashion,0
202350,7569,621.52,Electronics,0
202351,3174,37.59,Fashion,0
202352,9552,523.91,Grocery,0
202353,6194,484.66,Fashion,0
202354,8782,220.97,Fuel,0
202355,4282,669.57,Fuel,0
202356,9081,671.7,Fashion,0
202357,5613,45.65,Electronics,0
202358,1595,323.82,Fuel,0
202359,2872,448.79,Electronics,0
202360,4581,150.85,Fuel,0
202361,5805,209.98,Fashion,0
202362,5415,700.73,Grocery,0
202363,5103,150.57,Fuel,0
202364,7710,604.07,Electronics,0
202365,8664,568.79,Fashion,0
202366,5180,625.69,Electronics,0
202367,6276,357.34,Electronics,0
202368,6110,404.98,Electronics,0
202369,9366,459.95,Fuel,0
202370,3060,37.87,Fuel,1
202371,8544,240.96,Grocery,0
202372,7922,201.08,Electronics,0
202373,3656,486.5,Grocery,0
202374,7523,303.6,Fashion,0
202375,9059,413.02,Fashion,0
202376,3803,771.21,Grocery,0
202377,5989,261.29,Grocery,0
202378,7731,474.03,Grocery,0
202379,5690,692.18,Fuel,0
202380,9060,736.09,Fashion,0
202381,8870,181.08,Electronics,0
202382,8522,122.6,Electronics,0
202383,2632,391.82,Electronics,0
202384,1260,305.98,Grocery,0
202385,3707,757.51,Grocery,0
202386,4260,335.44,Fuel,0
202387,9552,128.6,Electronics,0
202388,9392,83.77,Fuel,0
202389,5310,173.73,Grocery,0
202390,7769,25.09,Fuel,0
202391,1258,414.84,Grocery,0
202392,4794,780.36,Electronics,0
202393,1975,429.11,Fashion,0
202394,4489,81.8,Electronics,0
202395,8721,94.37,Fashion,0
202396,4509,676.04,Fuel,0
202397,6250,44.39,Fashion,0
202398,4167,284.83,Grocery,0
202399,1458,657.24,Fuel,0
202400,8792,668.51,Fashion,0
202401,4041,739.02,Electronics,0
202402,6646,275.59,Fashion,1
202403,7358,445.81,Electronics,0
202404,8552,683.22,Fashion,0
202405,2043,265.44,Fashion,0
202406,8440,126.87,Grocery,0
202407,6713,82.64,Grocery,0
202408,6958,167.6,Fuel,0
202409,4296,409.79,Fuel,0
202410,3939,376.68,Fuel,0
202411,6041,174.57,Electronics,0
202412,8852,756.48,Fuel,0
202413,4560,529.63,Grocery,0
202414,9640,724.27,Fashion,0
202415,4836,121.7,Grocery,0
202416,8998,174.42,Fashion,0
202417,5816,439.97,Grocery,0
202418,1014,293.48,Fashion,0
202419,6882,275.29,Fashion,0
202420,5604,28.25,Fashion,0
202421,8248,781.54,Grocery,0
202422,5373,318.58,Fashion,0
202423,1408,440.82,Grocery,1
202424,9317,353.14,Fashion,0
202425,2049,764.69,Grocery,0
202426,2492,670.37,Fashion,0
202427,2973,689.13,Fuel,0
202428,6667,404.14,Fuel,0
202429,1725,224.35,Grocery,0
202430,1162,279.06,Grocery,0
202431,6658,62.86,Electronics,1
202432,4725,670.14,Fashion,0
202433,8095,97.6,Electronics,0
202434,5686,586.0,Fuel,0
202435,7692,192.77,Fuel,0
202436,9397,619.91,Fashion,0
202437,1550,487.1,Fashion,0
202438,6213,265.05,Fashion,0
202439,3389,389.39,Fuel,0
202440,1879,545.55,Fashion,0
202441,3433,88.58,Electronics,0
202442,5233,559.26,Electronics,0
202443,6972,65.08,Grocery,0
202444,8167,11.8,Electronics,0
202445,3199,735.19,Grocery,0
202446,3779,461.62,Electronics,0
202447,4658,163.59,Electronics,0
202448,4123,361.67,Fuel,0
202449,8922,46.24,Grocery,0
202450,4340,157.92,Fuel,0
202451,8686,97.47,Electronics,0
202452,3419,60.92,Fashion,0
202453,3601,789.88,Fuel,0
202454,3465,453.24,Electronics,0
202455,6522,211.44,Grocery,0
202456,8400,338.74,Grocery,0
202457,5850,569.82,Fashion,0
202458,6912,687.01,Fashion,0
202459,7401,431.13,Electronics,0
202460,4756,635.61,Fashion,0
202461,3774,666.46,Fuel,0
202462,7626,151.26,Fashion,0
202463,5464,297.96,Grocery,0
202464,1218,154.74,Fuel,0
202465,2716,66.68,Grocery,0
202466,8439,613.53,Fashion,0
202467,2621,234.89,Fashion,0
202468,1637,248.54,Fuel,0
202469,6237,627.15,Grocery,0
202470,5340,781.81,Grocery,0
202471,9484,492.93,Grocery,0
202472,9456,160.1,Electronics,0
202473,4151,221.65,Fashion,0
202474,3287,344.5,Fuel,0
202475,3067,587.98,Grocery,0
202476,2357,216.74,Fuel,0
202477,7683,364.18,Electronics,0
202478,3489,20.14,Fashion,0
202479,6834,342.27,Fashion,0
202480,5412,442.88,Electronics,0
202481,2332,366.98,Electronics,0
202482,7478,546.58,Electronics,0
202483,6236,13.0,Electronics,0
202484,5588,206.43,Grocery,0
202485,6036,50.59,Fashion,0
202486,1786,156.94,Fashion,0
202487,6873,594.21,Fuel,0
202488,7663,300.96,Fashion,0
202489,6958,554.66,Grocery,0
202490,2156,509.43,Electronics,0
202491,7260,401.99,Fashion,0
202492,3097,460.11,Electronics,0
202493,5788,706.46,Electronics,0
202494,8161,76.88,Electronics,0
202495,2467,121.31,Electronics,0
202496,8459,769.29,Fashion,0
202497,9656,557.35,Grocery,0
202498,5698,124.09,Grocery,0
202499,2584,88.3,Grocery,0
202500,3613,579.66,Grocery,0
202501,9505,211.47,Fuel,0
202502,7863,759.18,Grocery,0
202503,7953,287.69,Fashion,0
202504,9971,495.48,Fuel,0
202505,4655,12.45,Fuel,0
202506,3099,542.85,Electronics,0
202507,5192,766.22,Fashion,0
202508,5485,364.92,Grocery,0
202509,1244,164.65,Fuel,0
202510,4564,620.93,Grocery,0
202511,6656,652.34,Fashion,0
202512,5280,622.72,Electronics,0
202513,6766,191.22,Fashion,0
202514,1847,34.96,Fuel,0
202515,6894,126.98,Electronics,0
202516,7518,315.65,Grocery,0
202517,4390,241.09,Fashion,0
202518,2481,30.36,Grocery,0
202519,4268,176.48,Fuel,0
202520,1877,690.0,Fuel,0
202521,3053,342.55,Fuel,0
202522,1000,282.15,Fashion,0
202523,8093,635.17,Fashion,0
202524,1214,142.26,Electronics,0
202525,9982,714.12,Electronics,0
202526,8407,60.75,Fuel,0
202527,7432,275.91,Fuel,0
202528,1560,791.69,Fuel,0
202529,1787,102.3,Grocery,0
202530,1763,315.02,Grocery,0
202531,9476,443.7,Fuel,0
202532,3861,259.31,Fuel,0
202533,1092,58.25,Fashion,0
202534,3121,386.79,Grocery,0
202535,8453,256.98,Fuel,0
202536,4033,685.0,Grocery,0
202537,4455,376.65,Fuel,0
202538,8039,222.65,Electronics,0
202539,5658,338.8,Fashion,0
202540,5832,670.9,Fashion,0
202541,4047,792.0,Grocery,0
202542,9929,604.48,Fuel,0
202543,9531,103.43,Fashion,0
202544,5612,591.22,Electronics,0
202545,3474,741.13,Fashion,0
202546,6283,790.08,Grocery,0
202547,4994,425.14,Fuel,0
202548,1864,405.0,Fashion,0
202549,7788,508.17,Fashion,0
202550,4995,739.06,Fashion,0
202551,5790,20.95,Fuel,0
202552,8631,565.28,Fashion,0
202553,4735,741.43,Electronics,0
202554,1507,231.13,Grocery,0
202555,5457,205.7,Electronics,0
202556,9559,554.54,Electronics,0
202557,2517,756.83,Fuel,0
202558,7608,603.06,Electronics,1
202559,9840,531.67,Fuel,0
202560,6440,461.38,Grocery,0
202561,3897,535.57,Fashion,0
202562,8872,715.91,Grocery,0
202563,4068,259.31,Grocery,0
202564,9316,102.93,Fashion,0
202565,7461,130.12,Grocery,1
202566,9249,192.56,Fashion,0
202567,9819,166.11,Fuel,0
202568,7498,188.77,Fuel,1
202569,7125,523.88,Fuel,0
202570,3880,713.39,Grocery,0
202571,3032,18.37,Grocery,0
202572,8947,630.02,Electronics,0
202573,2619,787.18,Grocery,0
202574,4980,253.34,Fuel,0
202575,8151,125.84,Electronics,0
202576,3808,472.33,Electronics,0
202577,2381,497.3,Fashion,0
202578,6941,265.4,Grocery,0
202579,2876,579.81,Fuel,0
202580,9554,360.53,Grocery,0
202581,9964,255.69,Fashion,0
202582,5612,549.64,Fashion,0
202583,6238,653.93,Grocery,0
202584,4459,118.38,Fuel,1
202585,9850,357.53,Electronics,0
202586,5969,202.47,Electronics,0
202587,1234,35.17,Fashion,0
202588,6910,500.24,Electronics,0
202589,6768,426.83,Electronics,0
202590,9053,521.04,Grocery,1
202591,8387,379.16,Grocery,0
202592,1429,444.18,Grocery,0
202593,4537,616.96,Fashion,0
202594,3989,670.93,Electronics,0
202595,3722,9.3,Grocery,0
202596,1830,658.26,Fuel,0
202597,6737,550.37,Fashion,0
202598,2651,367.6,Fashion,0
202599,2478,621.84,Electronics,0
202600,6422,35.53,Grocery,0
202601,3574,631.02,Grocery,0
202602,8610,423.29,Fashion,0
202603,2123,638.91,Fuel,0
202604,8890,630.35,Grocery,0
202605,4343,733.71,Grocery,0
202606,6401,640.55,Fashion,0
202607,3799,190.18,Fashion,0
202608,5945,191.64,Electronics,0
202609,3437,526.7,Electronics,0
202610,6013,511.39,Fashion,0
202611,5628,277.67,Electronics,0
202612,8102,639.13,Grocery,0
202613,8325,362.88,Fuel,0
202614,8424,649.43,Fuel,0
202615,8481,506.67,Fuel,1
202616,3582,498.34,Electronics,0
202617,1339,179.36,Fuel,0
202618,7928,403.11,Grocery,0
202619,5493,403.79,Grocery,0
202620,6872,490.32,Fuel,0
202621,1010,142.15,Fashion,1
202622,2920,285.27,Electronics,0
202623,8279,558.03,Electronics,0
202624,3061,726.45,Fuel,0
202625,3626,302.0,Electronics,1
202626,8521,487.29,Fuel,0
202627,8930,14.59,Grocery,0
202628,3191,251.62,Fashion,0
202629,5412,315.51,Fuel,1
202630,1983,234.4,Electronics,0
202631,5677,142.23,Fashion,0
202632,9503,296.43,Grocery,0
202633,4473,13.56,Fuel,0
202634,5012,120.55,Grocery,0
202635,2547,237.81,Fashion,0
202636,3211,362.98,Fuel,0
202637,9671,491.83,Fuel,0
202638,4448,274.73,Electronics,0
202639,6185,311.53,Grocery,0
202640,5473,551.75,Electronics,0
202641,8776,273.33,Electronics,0
202642,1584,446.02,Electronics,0
202643,4356,323.06,Grocery,0
202644,4772,371.77,Electronics,0
202645,7388,651.93,Fashion,0
202646,2258,112.5,Fashion,0
202647,1262,609.08,Fuel,0
202648,6782,223.41,Grocery,0
202649,9392,10.71,Fuel,0
202650,9928,266.68,Grocery,0
202651,7515,599.19,Grocery,0
202652,7437,519.77,Fashion,0
202653,7526,114.84,Fashion,0
202654,6165,312.01,Grocery,0
202655,7084,717.13,Fashion,0
202656,7498,94.24,Grocery,0
202657,7559,106.29,Fashion,0
202658,9970,302.45,Grocery,0
202659,9123,269.11,Grocery,0
202660,8611,543.59,Grocery,0
202661,6210,180.33,Fuel,0
202662,8444,177.51,Fashion,0
202663,9162,31.67,Electronics,0
202664,3047,378.75,Grocery,0
202665,4129,495.44,Electronics,0
202666,1048,787.5,Fashion,0
202667,7360,626.65,Fashion,0
202668,2980,653.66,Grocery,0
202669,6276,768.89,Fuel,0
202670,3649,380.71,Fuel,0
202671,9673,206.1,Grocery,0
202672,7283,178.15,Fashion,0
202673,9841,645.19,Grocery,0
202674,4303,431.25,Grocery,0
202675,3152,324.83,Fuel,0
202676,9617,94.1,Fashion,0
202677,7289,422.85,Fuel,0
202678,2768,344.82,Grocery,0
202679,8731,694.57,Fashion,0
202680,6902,387.49,Fashion,0
202681,6486,82.53,Electronics,0
202682,9847,185.85,Fuel,0
202683,5646,540.4,Grocery,0
202684,4419,414.22,Fuel,0
202685,1631,486.16,Electronics,0
202686,9606,603.89,Fuel,0
202687,2564,477.88,Grocery,0
202688,6871,298.07,Grocery,0
202689,8810,768.29,Fashion,0
202690,6573,562.49,Fashion,0
202691,4414,255.87,Fashion,1
202692,8281,322.13,Fuel,0
202693,9995,44.46,Grocery,0
202694,9024,116.89,Fashion,0
202695,6751,397.54,Electronics,0
202696,7688,379.76,Fashion,0
202697,8926,160.87,Fuel,0
202698,6229,497.52,Fashion,0
202699,1628,381.8,Electronics,0
202700,7428,626.07,Fashion,0
202701,4124,232.16,Electronics,0
202702,6869,338.77,Fuel,0
202703,3874,775.41,Grocery,0
202704,2776,631.58,Grocery,0
202705,6266,649.7,Fashion,0
202706,6103,734.81,Fuel,0
202707,9152,664.48,Electronics,0
202708,2615,286.78,Electronics,0
202709,8536,417.64,Fuel,0
202710,4785,62.16,Fashion,0
202711,2985,322.11,Fuel,0
202712,7854,484.53,Electronics,0
202713,1159,442.22,Fashion,0
202714,2302,384.0,Fuel,0
202715,4704,129.68,Fashion,0
202716,5652,378.48,Fashion,0
202717,4130,176.62,Grocery,0
202718,1505,268.35,Fashion,0
202719,4668,343.24,Fashion,0
202720,7315,326.38,Fashion,0
202721,7738,653.7,Fuel,0
202722,5100,688.75,Grocery,0
202723,1504,614.7,Grocery,0
202724,6397,116.74,Fuel,0
202725,6254,670.88,Electronics,0
202726,5023,340.09,Electronics,0
202727,5030,215.3,Fashion,0
202728,6665,466.6,Fuel,0
202729,4194,473.69,Electronics,0
202730,2710,786.95,Grocery,0
202731,9961,625.14,Electronics,0
202732,1885,264.65,Grocery,0
202733,9102,557.83,Electronics,0
202734,6609,153.98,Grocery,0
202735,3922,196.11,Fashion,0
202736,3129,87.78,Fuel,0
202737,3705,24.25,Grocery,1
202738,7631,498.46,Fashion,0
202739,7962,364.63,Fuel,0
202740,1614,463.31,Electronics,0
202741,5539,370.89,Electronics,0
202742,4243,592.12,Electronics,0
202743,7259,764.4,Fuel,0
202744,7824,367.83,Fuel,0
202745,8116,188.71,Grocery,0
202746,4180,751.75,Fashion,0
202747,3268,328.05,Electronics,0
202748,6460,493.34,Fashion,1
202749,2897,327.07,Grocery,0
202750,7278,28.95,Fuel,1
202751,1999,773.87,Grocery,0
202752,1807,252.44,Fashion,0
202753,7498,579.69,Grocery,0
202754,7797,265.75,Electronics,0
202755,4155,229.65,Fuel,0
202756,5751,788.18,Fuel,0
202757,2467,160.86,Electronics,0
202758,8309,422.09,Fuel,0
202759,2634,382.21,Fuel,0
202760,4843,157.49,Fuel,0
202761,7615,340.41,Fuel,0
202762,4291,591.19,Fashion,0
202763,7898,376.98,Grocery,0
202764,2967,304.84,Electronics,0
202765,2951,488.7,Grocery,0
202766,9024,575.79,Fuel,0
202767,6831,670.4,Grocery,0
202768,9420,272.75,Fuel,0
202769,5768,101.5,Grocery,0
202770,5816,344.9,Electronics,0
202771,4292,440.92,Fashion,0
202772,3032,234.13,Electronics,0
202773,7566,286.1,Electronics,0
202774,3465,472.6,Fuel,0
202775,6258,253.58,Grocery,0
202776,1183,277.21,Fuel,0
202777,7772,36.81,Grocery,0
202778,5306,290.84,Grocery,0
202779,1442,99.97,Grocery,0
202780,4501,282.72,Electronics,0
202781,9944,654.48,Fashion,0
202782,7805,505.83,Electronics,0
202783,5637,684.27,Electronics,0
202784,7774,133.99,Grocery,0
202785,9251,762.47,Grocery,0
202786,9128,197.26,Fashion,0
202787,9283,225.05,Fuel,0
202788,3558,604.16,Electronics,0
202789,5102,729.94,Fashion,0
202790,1781,109.51,Grocery,0
202791,8415,270.6,Fuel,0
202792,8792,439.6,Fashion,0
202793,6033,103.01,Fuel,0
202794,8251,469.43,Electronics,0
202795,6401,423.9,Fashion,0
202796,3168,577.84,Fuel,0
202797,6696,81.5,Fashion,0
202798,2751,464.61,Fuel,0
202799,9431,78.39,Fashion,0
202800,3918,32.32,Electronics,0
202801,2442,167.57,Fashion,0
202802,9215,491.59,Fuel,0
202803,5653,567.76,Electronics,0
202804,4203,558.97,Grocery,0
202805,7694,626.66,Electronics,0
202806,1335,70.56,Fashion,0
202807,4658,376.3,Electronics,0
202808,8989,364.49,Grocery,0
202809,2340,196.91,Grocery,0
202810,1994,271.48,Fashion,1
202811,7027,315.18,Grocery,0
202812,7856,783.61,Electronics,0
202813,9588,359.83,Fashion,0
202814,3582,700.93,Fashion,0
202815,5580,94.66,Electronics,1
202816,8817,12.08,Grocery,0
202817,4796,137.45,Grocery,0
202818,1333,153.12,Fashion,0
202819,4270,667.14,Fashion,0
202820,3236,34.07,Electronics,0
202821,9420,630.35,Grocery,0
202822,3602,272.65,Grocery,0
202823,1295,546.15,Fuel,0
202824,1327,394.88,Grocery,0
202825,2858,310.83,Fashion,0
202826,8284,691.96,Electronics,0
202827,4497,587.1,Electronics,0
202828,5451,791.6,Grocery,0
202829,5911,174.38,Grocery,0
202830,4020,193.11,Electronics,0
202831,3309,216.03,Electronics,0
202832,4691,377.0,Fuel,0
202833,9023,98.33,Fuel,0
202834,5730,227.25,Electronics,0
202835,9668,469.94,Fuel,0
202836,2947,721.37,Fashion,0
202837,5473,51.18,Fuel,0
202838,6888,759.25,Electronics,0
202839,7296,336.01,Fuel,0
202840,5536,400.21,Grocery,0
202841,4312,295.1,Grocery,0
202842,6958,201.39,Grocery,0
202843,5690,772.06,Grocery,0
202844,6807,109.52,Electronics,0
202845,9155,385.79,Fashion,0
202846,5817,265.73,Electronics,0
202847,5713,572.02,Electronics,1
202848,8277,28.42,Fuel,0
202849,4718,498.81,Grocery,0
202850,1583,765.93,Fuel,0
202851,1156,155.46,Electronics,0
202852,2883,190.57,Grocery,0
202853,2980,357.25,Fuel,0
202854,2414,125.37,Fashion,0
202855,5846,51.7,Grocery,0
202856,1708,188.27,Fuel,1
202857,1813,406.52,Electronics,0
202858,3838,231.54,Fashion,0
202859,5277,368.42,Grocery,0
202860,5715,577.37,Fashion,0
202861,5889,529.36,Fuel,0
202862,4043,775.11,Electronics,0
202863,5036,495.24,Fuel,0
202864,5655,193.72,Grocery,0
202865,3833,254.21,Fashion,0
202866,5193,408.38,Grocery,0
202867,5202,87.74,Fashion,0
202868,3276,282.87,Fuel,0
202869,1663,46.57,Fashion,1
202870,6343,503.17,Fuel,0
202871,6190,313.72,Fashion,0
202872,9357,72.25,Grocery,0
202873,8539,317.81,Fuel,0
202874,7829,640.98,Fashion,0
202875,1450,709.99,Grocery,0
202876,1635,497.62,Fashion,0
202877,3634,360.18,Fashion,0
202878,8821,362.8,Electronics,0
202879,3021,289.36,Fuel,0
202880,6770,315.41,Electronics,0
202881,6679,389.77,Fashion,0
202882,2801,61.2,Electronics,0
202883,1237,782.53,Electronics,0
202884,6937,337.83,Fashion,0
202885,2643,206.41,Fuel,0
202886,6843,609.89,Grocery,0
202887,3981,61.04,Fuel,0
202888,4040,225.31,Grocery,0
202889,7680,400.87,Fashion,0
202890,6560,463.08,Electronics,0
202891,4623,670.25,Grocery,0
202892,4121,207.95,Fashion,0
202893,3579,438.31,Electronics,0
202894,6946,431.71,Fuel,0
202895,9033,461.92,Grocery,0
202896,6753,755.37,Electronics,0
202897,1360,434.26,Fuel,0
202898,8405,575.17,Fashion,0
202899,1001,86.31,Fuel,0
202900,9693,628.27,Grocery,0
202901,8795,16.75,Electronics,0
202902,5342,316.33,Grocery,0
202903,7051,78.0,Fuel,0
202904,9355,660.45,Fashion,0
202905,6678,755.89,Electronics,0
202906,8846,427.0,Electronics,0
202907,2439,202.76,Fashion,0
202908,2173,260.97,Fuel,0
202909,9266,281.5,Fuel,0
202910,2064,272.68,Fashion,0
202911,3489,547.16,Fuel,0
202912,7613,703.37,Electronics,0
202913,1563,667.84,Fashion,0
202914,3303,76.19,Grocery,0
202915,1439,288.32,Grocery,0
202916,8976,688.89,Grocery,1
202917,6786,37.15,Grocery,0
202918,8516,687.5,Electronics,0
202919,5211,788.64,Grocery,0
202920,3833,19.41,Grocery,0
202921,1804,371.22,Fashion,0
202922,5968,789.23,Fashion,0
202923,4451,364.83,Fuel,0
202924,5695,533.77,Electronics,0
202925,2365,245.47,Fuel,0
202926,1232,736.08,Grocery,0
202927,4450,601.93,Fuel,0
202928,6072,797.22,Electronics,0
202929,2088,795.6,Electronics,0
202930,9236,469.36,Grocery,0
202931,7549,527.97,Grocery,0
202932,1140,195.47,Fuel,0
202933,9000,513.07,Fuel,0
202934,7790,653.12,Grocery,0
202935,5228,470.6,Electronics,0
202936,1685,109.74,Electronics,0
202937,1102,116.1,Fashion,0
202938,9190,49.31,Fuel,0
202939,7673,741.8,Grocery,0
202940,1677,265.45,Electronics,0
202941,7029,566.76,Electronics,0
202942,4495,572.37,Fashion,0
202943,9491,5.91,Electronics,0
202944,6723,286.83,Fashion,0
202945,7831,705.59,Fashion,0
202946,6817,413.16,Electronics,0
202947,4571,13.6,Electronics,0
202948,2773,477.18,Fuel,0
202949,5126,231.61,Fuel,0
202950,6014,411.92,Fashion,0
202951,2583,215.96,Grocery,0
202952,9687,490.55,Electronics,0
202953,4351,255.89,Grocery,0
202954,9128,292.48,Grocery,0
202955,4495,154.75,Electronics,0
202956,4744,521.79,Fuel,0
202957,5848,720.49,Electronics,0
202958,6710,696.1,Electronics,0
202959,9454,179.42,Fuel,0
202960,3456,136.28,Grocery,0
202961,3107,690.18,Fuel,0
202962,2636,479.45,Fashion,0
202963,3078,378.35,Electronics,0
202964,9119,127.88,Grocery,0
202965,4924,318.85,Electronics,0
202966,4191,18.15,Electronics,0
202967,4024,570.43,Electronics,0
202968,8322,718.5,Grocery,0
202969,9029,688.82,Fashion,0
202970,8457,572.92,Fashion,0
202971,4351,779.36,Grocery,0
202972,1567,458.81,Grocery,0
202973,6673,585.86,Electronics,0
202974,7222,318.07,Electronics,0
202975,6088,714.61,Electronics,0
202976,6050,499.73,Electronics,0
202977,7302,475.33,Fashion,0
202978,8630,599.5,Fuel,0
202979,8020,514.93,Fashion,1
202980,3930,751.76,Electronics,0
202981,6096,44.47,Fuel,0
202982,5089,187.03,Grocery,0
202983,4792,675.35,Electronics,0
202984,2639,373.7,Grocery,0
202985,8423,741.46,Grocery,0
202986,4754,165.64,Fuel,0
202987,3504,34.56,Electronics,0
202988,8573,486.73,Grocery,0
202989,5012,326.79,Grocery,0
202990,6171,148.79,Fashion,0
202991,1033,343.82,Grocery,0
202992,9261,436.79,Electronics,0
202993,9626,300.32,Fuel,0
202994,2419,9.29,Grocery,0
202995,4485,478.52,Electronics,0
202996,7274,161.61,Electronics,0
202997,3734,573.56,Fashion,0
202998,8824,310.21,Grocery,0
202999,9922,372.69,Fashion,0
